family,language,placemark,colour,longitude,latitude,affective
Lezgic,"<a href=""http://glottolog.org/resource/languoid/id/tsak1249"">Tsakhur</a>",Gelmets,#99E600,47.1795999998841,41.6257811989252,affective
Lezgic,"<a href=""http://glottolog.org/resource/languoid/id/tsak1249"">Tsakhur</a>",Kurdul,#99E600,47.1780839983474,41.5816368017013,affective
Lezgic,"<a href=""http://glottolog.org/resource/languoid/id/tsak1249"">Tsakhur</a>",Kalyal,#99E600,47.0047219982962,41.6850000000229,affective
Lezgic,"<a href=""http://glottolog.org/resource/languoid/id/tsak1249"">Tsakhur</a>",Korsh,#99E600,47.0630916009145,41.6702338990733,affective
Lezgic,"<a href=""http://glottolog.org/resource/languoid/id/tsak1249"">Tsakhur</a>",Mukhakh,#99E600,47.00719407538,41.6953420548964,affective
Lezgic,"<a href=""http://glottolog.org/resource/languoid/id/tsak1249"">Tsakhur</a>",Ottal,#99E600,47.0224292723058,41.6704311977244,affective
Lezgic,"<a href=""http://glottolog.org/resource/languoid/id/tsak1249"">Tsakhur</a>",Dzhinyh,#99E600,47.0357332852576,41.6662177215552,affective
Lezgic,"<a href=""http://glottolog.org/resource/languoid/id/tsak1249"">Tsakhur</a>",Mishlesh,#99E600,47.0911976003723,41.665525700484,affective
Lezgic,"<a href=""http://glottolog.org/resource/languoid/id/tsak1249"">Tsakhur</a>",Muslakh,#99E600,47.1137793970532,41.6582641982154,affective
Lezgic,"<a href=""http://glottolog.org/resource/languoid/id/tsak1249"">Tsakhur</a>",Tsakhur,#99E600,47.1372220003137,41.6519440001591,affective
Lezgic,"<a href=""http://glottolog.org/resource/languoid/id/tsak1249"">Tsakhur</a>",Sugut,#99E600,47.1181388995168,41.6507822998745,affective
Lezgic,"<a href=""http://glottolog.org/resource/languoid/id/tsak1249"">Tsakhur</a>",Khnyakh,#99E600,47.1537465018784,41.6482145052754,affective
Lezgic,"<a href=""http://glottolog.org/resource/languoid/id/lezg1247"">Lezgian</a>",MIkikh,#12E667,47.168047700172,41.6374648016847,affective
Lezgic,"<a href=""http://glottolog.org/resource/languoid/id/lezg1247"">Lezgian</a>",2-ye Otdeleniye Sovkhoza im. Gereykhanova,#12E667,48.2378029027936,41.6884942165625,no affective
Lezgic,"<a href=""http://glottolog.org/resource/languoid/id/lezg1247"">Lezgian</a>",Akhnig,#12E667,47.996139600141,41.5267057002795,no affective
Lezgic,"<a href=""http://glottolog.org/resource/languoid/id/lezg1247"">Lezgian</a>",Akhty,#12E667,47.7291405361777,41.4613816099063,no affective
Lezgic,"<a href=""http://glottolog.org/resource/languoid/id/lezg1247"">Lezgian</a>",Aladash,#12E667,48.3570732764932,41.905783839399,no affective
Lezgic,"<a href=""http://glottolog.org/resource/languoid/id/lezg1247"">Lezgian</a>",Aleksandro-Nevskoye,#12E667,46.5610280003914,43.9229439999276,no affective
Lezgic,"<a href=""http://glottolog.org/resource/languoid/id/lezg1247"">Lezgian</a>",Alkadar,#12E667,48.0833329790482,41.7166670077031,no affective
Lezgic,"<a href=""http://glottolog.org/resource/languoid/id/lezg1247"">Lezgian</a>",Asakent,#12E667,48.0186409585391,41.7532908840101,no affective
Lezgic,"<a href=""http://glottolog.org/resource/languoid/id/lezg1247"">Lezgian</a>",Asalikent,#12E667,48.1758676856164,41.6285758961215,no affective
Lezgic,"<a href=""http://glottolog.org/resource/languoid/id/lezg1247"">Lezgian</a>",Ashaga-Arkhit,#12E667,47.9725394001873,41.7346683001094,no affective
Lezgic,"<a href=""http://glottolog.org/resource/languoid/id/lezg1247"">Lezgian</a>",Ashaga-Kartas,#12E667,48.1180068530733,41.623143849695,no affective
Lezgic,"<a href=""http://glottolog.org/resource/languoid/id/lezg1247"">Lezgian</a>",Ashaga-Stal,#12E667,48.1965283371611,41.6982829111043,no affective
Lezgic,"<a href=""http://glottolog.org/resource/languoid/id/lezg1247"">Lezgian</a>",Ashaga-Stal-Kazmalyar,#12E667,48.2203565027733,41.6858862245778,no affective
Lezgic,"<a href=""http://glottolog.org/resource/languoid/id/lezg1247"">Lezgian</a>",Ashaga-Tsinit,#12E667,48.0133786328958,41.722769701974,no affective
Lezgic,"<a href=""http://glottolog.org/resource/languoid/id/lezg1247"">Lezgian</a>",Ashakent,#12E667,47.871564699516,41.5952259003584,no affective
Lezgic,"<a href=""http://glottolog.org/resource/languoid/id/lezg1247"">Lezgian</a>",Ashar,#12E667,47.6892941183844,41.5955634620468,no affective
Lezgic,"<a href=""http://glottolog.org/resource/languoid/id/lezg1247"">Lezgian</a>",Avadan,#12E667,48.3355559960497,41.9316669983722,no affective
Lezgic,"<a href=""http://glottolog.org/resource/languoid/id/lezg1247"">Lezgian</a>",Azadogly,#12E667,48.44499999977,41.8288889995421,no affective
Lezgic,"<a href=""http://glottolog.org/resource/languoid/id/lezg1247"">Lezgian</a>",Bakhtsug,#12E667,47.9519698000788,41.5095353000646,no affective
Lezgic,"<a href=""http://glottolog.org/resource/languoid/id/lezg1247"">Lezgian</a>",Bil'bil'-Kazmalyar,#12E667,48.5413888999366,41.8180555998349,no affective
Lezgic,"<a href=""http://glottolog.org/resource/languoid/id/lezg1247"">Lezgian</a>",Bugdatepe,#12E667,48.3959333931822,41.7628363443234,no affective
Lezgic,"<a href=""http://glottolog.org/resource/languoid/id/lezg1247"">Lezgian</a>",But-Kazmalyar,#12E667,48.3999999988672,41.7013889993731,no affective
Lezgic,"<a href=""http://glottolog.org/resource/languoid/id/lezg1247"">Lezgian</a>",Butkent,#12E667,48.18811549994,41.5975185767654,no affective
Lezgic,"<a href=""http://glottolog.org/resource/languoid/id/lezg1247"">Lezgian</a>",Chakhchakh-Kazmalyar,#12E667,48.5008246982992,41.7885962987081,no affective
Lezgic,"<a href=""http://glottolog.org/resource/languoid/id/lezg1247"">Lezgian</a>",Chilikar,#12E667,48.0618493560625,41.7431471913533,no affective
Lezgic,"<a href=""http://glottolog.org/resource/languoid/id/lezg1247"">Lezgian</a>",Chukhverkent,#12E667,48.3718832146934,41.7713936775305,no affective
Lezgic,"<a href=""http://glottolog.org/resource/languoid/id/lezg1247"">Lezgian</a>",Chuvalar,#12E667,47.9088665996737,41.4066018997613,no affective
Lezgic,"<a href=""http://glottolog.org/resource/languoid/id/lezg1247"">Lezgian</a>",Dardarkent,#12E667,48.0244154075303,41.7426204384494,no affective
Lezgic,"<a href=""http://glottolog.org/resource/languoid/id/lezg1247"">Lezgian</a>",Darkush-Kazmzlyar,#12E667,48.3885404000258,41.8052669993636,no affective
Lezgic,"<a href=""http://glottolog.org/resource/languoid/id/lezg1247"">Lezgian</a>",Demirar,#12E667,47.90980799988,41.4005740005046,no affective
Lezgic,"<a href=""http://glottolog.org/resource/languoid/id/lezg1247"">Lezgian</a>",Dzhaba,#12E667,47.7772415992413,41.423987900059,no affective
Lezgic,"<a href=""http://glottolog.org/resource/languoid/id/lezg1247"">Lezgian</a>",Dzhepel',#12E667,48.221118426547,41.5512955752579,no affective
Lezgic,"<a href=""http://glottolog.org/resource/languoid/id/lezg1247"">Lezgian</a>",Ekendil',#12E667,48.1319805754306,41.7561370230117,no affective
Lezgic,"<a href=""http://glottolog.org/resource/languoid/id/lezg1247"">Lezgian</a>",Eminkhyur,#12E667,48.3252779998176,41.7658329997901,no affective
Lezgic,"<a href=""http://glottolog.org/resource/languoid/id/lezg1247"">Lezgian</a>",Esetar,#12E667,47.9099772167535,41.3904470490975,no affective
Lezgic,"<a href=""http://glottolog.org/resource/languoid/id/lezg1247"">Lezgian</a>",Filya,#12E667,48.4574889997927,41.7190424012077,no affective
Lezgic,"<a href=""http://glottolog.org/resource/languoid/id/lezg1247"">Lezgian</a>",Fiy,#12E667,47.5651820688764,41.2891907665624,no affective
Lezgic,"<a href=""http://glottolog.org/resource/languoid/id/lezg1247"">Lezgian</a>",Gandurar,#12E667,47.908199380784,41.3870941689398,no affective
Lezgic,"<a href=""http://glottolog.org/resource/languoid/id/lezg1247"">Lezgian</a>",Gaptsakh,#12E667,48.3764079998527,41.6679139991502,no affective
Lezgic,"<a href=""http://glottolog.org/resource/languoid/id/lezg1247"">Lezgian</a>",Garakh,#12E667,48.0466405841337,41.4918435404306,no affective
Lezgic,"<a href=""http://glottolog.org/resource/languoid/id/lezg1247"">Lezgian</a>",Gdym,#12E667,47.4672754293153,41.3065270249227,no affective
Lezgic,"<a href=""http://glottolog.org/resource/languoid/id/lezg1247"">Lezgian</a>",Gdynk,#12E667,47.6596350061978,41.4583781957541,no affective
Lezgic,"<a href=""http://glottolog.org/resource/languoid/id/lezg1247"">Lezgian</a>",Gel'khen,#12E667,47.6019767997672,41.6585024002414,no affective
Lezgic,"<a href=""http://glottolog.org/resource/languoid/id/lezg1247"">Lezgian</a>",Gereykhanovskoye,#12E667,48.2834045997131,41.7017431001732,no affective
Lezgic,"<a href=""http://glottolog.org/resource/languoid/id/lezg1247"">Lezgian</a>",Gilyar,#12E667,48.2572309883687,41.5594534589299,no affective
Lezgic,"<a href=""http://glottolog.org/resource/languoid/id/lezg1247"">Lezgian</a>",Gogaz,#12E667,48.1339348143356,41.9042977921117,no affective
Lezgic,"<a href=""http://glottolog.org/resource/languoid/id/lezg1247"">Lezgian</a>",Iche,#12E667,47.5086110000045,41.5824999999847,no affective
Lezgic,"<a href=""http://glottolog.org/resource/languoid/id/lezg1247"">Lezgian</a>",Ichin,#12E667,47.9933654999211,41.6835570996442,no affective
Lezgic,"<a href=""http://glottolog.org/resource/languoid/id/lezg1247"">Lezgian</a>",Igrakh,#12E667,47.5297219998406,41.5524999994662,no affective
Lezgic,"<a href=""http://glottolog.org/resource/languoid/id/lezg1247"">Lezgian</a>",Ikra,#12E667,48.0102780021292,41.5616670003699,no affective
Lezgic,"<a href=""http://glottolog.org/resource/languoid/id/lezg1247"">Lezgian</a>",Ispik,#12E667,48.2022710426848,41.6210213669,no affective
Lezgic,"<a href=""http://glottolog.org/resource/languoid/id/lezg1247"">Lezgian</a>",Kabir,#12E667,48.0466129517431,41.5591775493207,no affective
Lezgic,"<a href=""http://glottolog.org/resource/languoid/id/lezg1247"">Lezgian</a>",Kabir-Kazmalyar,#12E667,48.4899720021111,41.7470830028536,no affective
Lezgic,"<a href=""http://glottolog.org/resource/languoid/id/lezg1247"">Lezgian</a>",Kachalkent,#12E667,48.0418408829088,41.6690679974231,no affective
Lezgic,"<a href=""http://glottolog.org/resource/languoid/id/lezg1247"">Lezgian</a>",Kaka,#12E667,47.6400000014192,41.4763890000627,no affective
Lezgic,"<a href=""http://glottolog.org/resource/languoid/id/lezg1247"">Lezgian</a>",Kaladzhukh,#12E667,47.9064497982298,41.3643835582629,no affective
Lezgic,"<a href=""http://glottolog.org/resource/languoid/id/lezg1247"">Lezgian</a>",Kaluk,#12E667,47.6648212996333,41.4722597995114,no affective
Lezgic,"<a href=""http://glottolog.org/resource/languoid/id/lezg1247"">Lezgian</a>",Karakyure,#12E667,47.9583329997967,41.4166670001563,no affective
Lezgic,"<a href=""http://glottolog.org/resource/languoid/id/lezg1247"">Lezgian</a>",Karchag,#12E667,48.1579485658444,41.7778623847494,no affective
Lezgic,"<a href=""http://glottolog.org/resource/languoid/id/lezg1247"">Lezgian</a>",Kartas-Kazmalyar,#12E667,48.3966475298688,41.8142057576145,no affective
Lezgic,"<a href=""http://glottolog.org/resource/languoid/id/lezg1247"">Lezgian</a>",Kasumkent,#12E667,48.1629469993764,41.6780980995448,no affective
Lezgic,"<a href=""http://glottolog.org/resource/languoid/id/lezg1247"">Lezgian</a>",Kavalar,#12E667,47.9166051997234,41.4022131946649,no affective
Lezgic,"<a href=""http://glottolog.org/resource/languoid/id/lezg1247"">Lezgian</a>",Kchun-Kazmalyar,#12E667,48.4930582097409,41.7604761699054,no affective
Lezgic,"<a href=""http://glottolog.org/resource/languoid/id/lezg1247"">Lezgian</a>",Kerimkhanar,#12E667,47.9048196925029,41.3834690776742,no affective
Lezgic,"<a href=""http://glottolog.org/resource/languoid/id/lezg1247"">Lezgian</a>",Khlyut,#12E667,47.5319700000152,41.4970026001493,no affective
Lezgic,"<a href=""http://glottolog.org/resource/languoid/id/lezg1247"">Lezgian</a>",Khodzha-Kazmalyar,#12E667,48.4512054767503,41.7209245881556,no affective
Lezgic,"<a href=""http://glottolog.org/resource/languoid/id/lezg1247"">Lezgian</a>",Khorel',#12E667,48.2030995899443,41.5386787473322,no affective
Lezgic,"<a href=""http://glottolog.org/resource/languoid/id/lezg1247"">Lezgian</a>",Khpedzh,#12E667,47.7398968546027,41.6071068086109,no affective
Lezgic,"<a href=""http://glottolog.org/resource/languoid/id/lezg1247"">Lezgian</a>",Khpyuk,#12E667,47.6731480495825,41.6746218059862,no affective
Lezgic,"<a href=""http://glottolog.org/resource/languoid/id/lezg1247"">Lezgian</a>",Khryug,#12E667,47.6063652049048,41.4875271875317,no affective
Lezgic,"<a href=""http://glottolog.org/resource/languoid/id/lezg1247"">Lezgian</a>",Khtun,#12E667,48.1798030248638,41.5887146263467,no affective
Lezgic,"<a href=""http://glottolog.org/resource/languoid/id/lezg1247"">Lezgian</a>",Khtun-Kazmzlyar,#12E667,48.5160101625508,41.8035235288802,no affective
Lezgic,"<a href=""http://glottolog.org/resource/languoid/id/lezg1247"">Lezgian</a>",Khveredzh,#12E667,47.5733330002221,41.7016669997058,no affective
Lezgic,"<a href=""http://glottolog.org/resource/languoid/id/lezg1247"">Lezgian</a>",Khyurekhyur,#12E667,47.7427571001679,41.5593135998031,no affective
Lezgic,"<a href=""http://glottolog.org/resource/languoid/id/lezg1247"">Lezgian</a>",Kiler,#12E667,47.9030753012627,41.3798261013266,no affective
Lezgic,"<a href=""http://glottolog.org/resource/languoid/id/lezg1247"">Lezgian</a>",Kirka,#12E667,48.1953786244284,41.5321364490825,no affective
Lezgic,"<a href=""http://glottolog.org/resource/languoid/id/lezg1247"">Lezgian</a>",Kochkhyur,#12E667,47.8663579994444,41.5218189998432,no affective
Lezgic,"<a href=""http://glottolog.org/resource/languoid/id/lezg1247"">Lezgian</a>",Kontsil',#12E667,48.0186409585391,41.7532908840101,no affective
Lezgic,"<a href=""http://glottolog.org/resource/languoid/id/lezg1247"">Lezgian</a>",Koshkent,#12E667,48.0440997461112,41.7438504319656,no affective
Lezgic,"<a href=""http://glottolog.org/resource/languoid/id/lezg1247"">Lezgian</a>",Kug,#12E667,47.9642945003499,41.7726184998261,no affective
Lezgic,"<a href=""http://glottolog.org/resource/languoid/id/lezg1247"">Lezgian</a>",Kukvaz,#12E667,47.6892941183844,41.5955634620468,no affective
Lezgic,"<a href=""http://glottolog.org/resource/languoid/id/lezg1247"">Lezgian</a>",Kullar,#12E667,48.3918625264345,41.8326663211525,no affective
Lezgic,"<a href=""http://glottolog.org/resource/languoid/id/lezg1247"">Lezgian</a>",Kumuk,#12E667,47.8900778772892,41.5445525130426,no affective
Lezgic,"<a href=""http://glottolog.org/resource/languoid/id/lezg1247"">Lezgian</a>",Kurakh,#12E667,47.7841669997209,41.5841669993242,no affective
Lezgic,"<a href=""http://glottolog.org/resource/languoid/id/lezg1247"">Lezgian</a>",Kurukal,#12E667,47.6877815432609,41.4344038035399,no affective
Lezgic,"<a href=""http://glottolog.org/resource/languoid/id/lezg1247"">Lezgian</a>",Kurukent,#12E667,48.115000003118,41.7091669965076,no affective
Lezgic,"<a href=""http://glottolog.org/resource/languoid/id/lezg1247"">Lezgian</a>",Kurush,#12E667,46.7591670003283,43.3850000004147,no affective
Lezgic,"<a href=""http://glottolog.org/resource/languoid/id/lezg1247"">Lezgian</a>",Kutul,#12E667,47.9678522998308,41.545749300279,no affective
Lezgic,"<a href=""http://glottolog.org/resource/languoid/id/lezg1247"">Lezgian</a>",Kuybyshevo,#12E667,46.5136530007119,44.0210109999019,no affective
Lezgic,"<a href=""http://glottolog.org/resource/languoid/id/lezg1247"">Lezgian</a>",Kuysun,#12E667,48.2955699929811,41.5720526196487,no affective
Lezgic,"<a href=""http://glottolog.org/resource/languoid/id/lezg1247"">Lezgian</a>",Kvardal,#12E667,47.5617030004126,41.6793869997902,no affective
Lezgic,"<a href=""http://glottolog.org/resource/languoid/id/lezg1247"">Lezgian</a>",Lakun,#12E667,47.5312568133727,41.5263814769617,no affective
Lezgic,"<a href=""http://glottolog.org/resource/languoid/id/lezg1247"">Lezgian</a>",Lutkun,#12E667,47.6872897402921,41.4815295699927,no affective
Lezgic,"<a href=""http://glottolog.org/resource/languoid/id/lezg1247"">Lezgian</a>",Magaramkent,#12E667,48.3486110014373,41.6158329993339,no affective
Lezgic,"<a href=""http://glottolog.org/resource/languoid/id/lezg1247"">Lezgian</a>",Maka-Kazmalyar,#12E667,48.0221149473038,41.4855889542335,no affective
Lezgic,"<a href=""http://glottolog.org/resource/languoid/id/lezg1247"">Lezgian</a>",Midzhakh,#12E667,47.6430489302773,41.395323451953,no affective
Lezgic,"<a href=""http://glottolog.org/resource/languoid/id/lezg1247"">Lezgian</a>",Mikrakh,#12E667,47.8839238997071,41.3738194002267,no affective
Lezgic,"<a href=""http://glottolog.org/resource/languoid/id/lezg1247"">Lezgian</a>",Miskindzha,#12E667,47.85000000074,41.4166670019479,no affective
Lezgic,"<a href=""http://glottolog.org/resource/languoid/id/lezg1247"">Lezgian</a>",Mollakent,#12E667,48.3824571643754,41.9200041022565,no affective
Lezgic,"<a href=""http://glottolog.org/resource/languoid/id/lezg1247"">Lezgian</a>",Mugergan,#12E667,48.1733656765366,41.521845319404,no affective
Lezgic,"<a href=""http://glottolog.org/resource/languoid/id/lezg1247"">Lezgian</a>",Khkem,#12E667,47.7660362798362,41.473402998049,no affective
Lezgic,"<a href=""http://glottolog.org/resource/languoid/id/lezg1247"">Lezgian</a>",Nov. Usur,#12E667,48.354443999974,41.6963890004298,no affective
Lezgic,"<a href=""http://glottolog.org/resource/languoid/id/lezg1247"">Lezgian</a>",Novaya Maka,#12E667,48.3638890003128,41.7688889992252,no affective
Lezgic,"<a href=""http://glottolog.org/resource/languoid/id/lezg1247"">Lezgian</a>",Novoye Karakyure,#12E667,47.9510386754704,41.4394493584211,no affective
Lezgic,"<a href=""http://glottolog.org/resource/languoid/id/lezg1247"">Lezgian</a>",Novyy Aul,#12E667,48.3987967012281,41.7281296993026,no affective
Lezgic,"<a href=""http://glottolog.org/resource/languoid/id/lezg1247"">Lezgian</a>",Novyy Frig,#12E667,48.3731387621427,41.8540022083182,no affective
Lezgic,"<a href=""http://glottolog.org/resource/languoid/id/lezg1247"">Lezgian</a>",Novyy Ispik,#12E667,48.203479591488,41.6351152363243,no affective
Lezgic,"<a href=""http://glottolog.org/resource/languoid/id/lezg1247"">Lezgian</a>",Novyy Kyakhulay,#12E667,47.5222086016498,42.9399895991797,no affective
Lezgic,"<a href=""http://glottolog.org/resource/languoid/id/lezg1247"">Lezgian</a>",Nyutyug,#12E667,48.1228554749836,41.7539268477507,no affective
Lezgic,"<a href=""http://glottolog.org/resource/languoid/id/lezg1247"">Lezgian</a>",Orta-Stal,#12E667,48.1748180200427,41.6953495734877,no affective
Lezgic,"<a href=""http://glottolog.org/resource/languoid/id/lezg1247"">Lezgian</a>",Oruzhba,#12E667,48.4348742000448,41.775122799876,no affective
Lezgic,"<a href=""http://glottolog.org/resource/languoid/id/lezg1247"">Lezgian</a>",Piperkent,#12E667,48.1583511389657,41.5906478248419,no affective
Lezgic,"<a href=""http://glottolog.org/resource/languoid/id/lezg1247"">Lezgian</a>",Primorskiy,#12E667,48.1421285999595,42.2388654992223,no affective
Lezgic,"<a href=""http://glottolog.org/resource/languoid/id/lezg1247"">Lezgian</a>",Ptikent,#12E667,48.1210000285646,41.5868187417004,no affective
Lezgic,"<a href=""http://glottolog.org/resource/languoid/id/lezg1247"">Lezgian</a>",Rugun,#12E667,47.9968935999507,41.596935600495,no affective
Lezgic,"<a href=""http://glottolog.org/resource/languoid/id/lezg1247"">Lezgian</a>",Saidkent,#12E667,48.1286546798841,41.706493495178,no affective
Lezgic,"<a href=""http://glottolog.org/resource/languoid/id/lezg1247"">Lezgian</a>",Salyan,#12E667,48.2080026697393,41.6257367127054,no affective
Lezgic,"<a href=""http://glottolog.org/resource/languoid/id/lezg1247"">Lezgian</a>",Samur,#12E667,48.4849416006182,41.8269846996261,no affective
Lezgic,"<a href=""http://glottolog.org/resource/languoid/id/lezg1247"">Lezgian</a>",Sar-Sar,#12E667,47.078333000313,43.971110999582,no affective
Lezgic,"<a href=""http://glottolog.org/resource/languoid/id/lezg1247"">Lezgian</a>",Sarag,#12E667,48.0148424350415,41.6007110776896,no affective
Lezgic,"<a href=""http://glottolog.org/resource/languoid/id/lezg1247"">Lezgian</a>",Sardarkent,#12E667,48.0849030024513,41.7315247243255,no affective
Lezgic,"<a href=""http://glottolog.org/resource/languoid/id/lezg1247"">Lezgian</a>",Saytarkent,#12E667,48.1256437311738,41.5867436301435,no affective
Lezgic,"<a href=""http://glottolog.org/resource/languoid/id/lezg1247"">Lezgian</a>",Shikhikent,#12E667,48.1792458192281,41.6043374022231,no affective
Lezgic,"<a href=""http://glottolog.org/resource/languoid/id/lezg1247"">Lezgian</a>",Shimikhyur,#12E667,47.7001640999544,41.6544410995168,no affective
Lezgic,"<a href=""http://glottolog.org/resource/languoid/id/lezg1247"">Lezgian</a>",Shtul,#12E667,47.9286227999484,41.5624927002085,no affective
Lezgic,"<a href=""http://glottolog.org/resource/languoid/id/lezg1247"">Lezgian</a>",Smugul,#12E667,47.6323916001173,41.3792975003857,no affective
Lezgic,"<a href=""http://glottolog.org/resource/languoid/id/lezg1247"">Lezgian</a>",Star. Khkem,#12E667,47.776989642065,41.488668900569,no affective
Lezgic,"<a href=""http://glottolog.org/resource/languoid/id/lezg1247"">Lezgian</a>",Tagirkent,#12E667,47.3632207961053,42.3643412011491,no affective
Lezgic,"<a href=""http://glottolog.org/resource/languoid/id/lezg1247"">Lezgian</a>",Tagirkent-Kazmalyar,#12E667,48.5081455011708,41.8125495002733,no affective
Lezgic,"<a href=""http://glottolog.org/resource/languoid/id/lezg1247"">Lezgian</a>",Tatarkhankent,#12E667,48.1033149302864,41.5862039244795,no affective
Lezgic,"<a href=""http://glottolog.org/resource/languoid/id/lezg1247"">Lezgian</a>",Tekipirkent,#12E667,47.8858404998159,41.3418174999532,no affective
Lezgic,"<a href=""http://glottolog.org/resource/languoid/id/lezg1247"">Lezgian</a>",Trkal,#12E667,47.9700129998818,41.7172831003088,no affective
Lezgic,"<a href=""http://glottolog.org/resource/languoid/id/lezg1247"">Lezgian</a>",Tselyagyun,#12E667,48.3033107080065,41.6703105521968,no affective
Lezgic,"<a href=""http://glottolog.org/resource/languoid/id/lezg1247"">Lezgian</a>",Tslak,#12E667,47.9413672984981,41.7129024985789,no affective
Lezgic,"<a href=""http://glottolog.org/resource/languoid/id/lezg1247"">Lezgian</a>",Tsmur,#12E667,48.0516669986341,41.6849999989413,no affective
Lezgic,"<a href=""http://glottolog.org/resource/languoid/id/lezg1247"">Lezgian</a>",Tsnal,#12E667,47.9969709991867,41.6968587997956,no affective
Lezgic,"<a href=""http://glottolog.org/resource/languoid/id/lezg1247"">Lezgian</a>",Ukhul,#12E667,47.7419744000608,41.3532190001775,no affective
Lezgic,"<a href=""http://glottolog.org/resource/languoid/id/lezg1247"">Lezgian</a>",Ukuz,#12E667,47.5941546996077,41.697322199821,no affective
Lezgic,"<a href=""http://glottolog.org/resource/languoid/id/lezg1247"">Lezgian</a>",Ullugatag,#12E667,48.1244700033052,41.595432524669,no affective
Lezgic,"<a href=""http://glottolog.org/resource/languoid/id/lezg1247"">Lezgian</a>",Ursun,#12E667,48.1277406998042,42.1903700005875,no affective
Lezgic,"<a href=""http://glottolog.org/resource/languoid/id/lezg1247"">Lezgian</a>",Usug,#12E667,47.5943130762272,41.676650790546,no affective
Lezgic,"<a href=""http://glottolog.org/resource/languoid/id/lezg1247"">Lezgian</a>",Usukhchay,#12E667,47.9113889986891,41.4213890013086,no affective
Lezgic,"<a href=""http://glottolog.org/resource/languoid/id/lezg1247"">Lezgian</a>",Yalak,#12E667,47.6071661088037,41.5311212878292,no affective
Lezgic,"<a href=""http://glottolog.org/resource/languoid/id/lezg1247"">Lezgian</a>",Yarag-Kazmalyar,#12E667,48.385832997864,41.6497220001636,no affective
Lezgic,"<a href=""http://glottolog.org/resource/languoid/id/lezg1247"">Lezgian</a>",Yarukvalar,#12E667,48.4142499995412,41.8003056001582,no affective
Lezgic,"<a href=""http://glottolog.org/resource/languoid/id/lezg1247"">Lezgian</a>",Yukhari-Arkhit,#12E667,47.9607738004745,41.7404563005034,no affective
Lezgic,"<a href=""http://glottolog.org/resource/languoid/id/lezg1247"">Lezgian</a>",Yukhari-Kartas,#12E667,48.1171341924978,41.6217998433313,no affective
Lezgic,"<a href=""http://glottolog.org/resource/languoid/id/lezg1247"">Lezgian</a>",Yukhari-Stal,#12E667,48.1684005166729,41.6965135593325,no affective
Lezgic,"<a href=""http://glottolog.org/resource/languoid/id/lezg1247"">Lezgian</a>",Yukhari-Zakhit,#12E667,47.9402905996393,41.6968200001567,no affective
Lezgic,"<a href=""http://glottolog.org/resource/languoid/id/lezg1247"">Lezgian</a>",Zakhit,#12E667,48.3691825016525,41.7293071002806,no affective
Lezgic,"<a href=""http://glottolog.org/resource/languoid/id/lezg1247"">Lezgian</a>",Zaza,#12E667,48.0497162606783,41.7762955175713,no affective
Lezgic,"<a href=""http://glottolog.org/resource/languoid/id/lezg1247"">Lezgian</a>",Zizik,#12E667,48.1260799117543,41.7662898882068,no affective
Lezgic,"<a href=""http://glottolog.org/resource/languoid/id/lezg1247"">Lezgian</a>",Zrykh,#12E667,47.562356279713,41.4965805882245,no affective
Lezgic,"<a href=""http://glottolog.org/resource/languoid/id/lezg1247"">Lezgian</a>",Zukhrabkent,#12E667,48.1568994520429,41.5726685423416,no affective
Lezgic,"<a href=""http://glottolog.org/resource/languoid/id/lezg1247"">Lezgian</a>",Kakhtsug,#12E667,48.0594443998963,41.6000000001617,no affective
Lezgic,"<a href=""http://glottolog.org/resource/languoid/id/lezg1247"">Lezgian</a>",Gazardkam-Kazmalyar,#12E667,48.4808332997574,41.7694443999181,no affective
Lezgic,"<a href=""http://glottolog.org/resource/languoid/id/aghu1253"">Agul</a>",Tsirkhe,#53FA05,47.5989849952999,41.9142895738765,no affective
Lezgic,"<a href=""http://glottolog.org/resource/languoid/id/aghu1253"">Agul</a>",Burkikhan,#53FA05,47.5410377997698,41.8058167009877,no affective
Lezgic,"<a href=""http://glottolog.org/resource/languoid/id/aghu1253"">Agul</a>",Arsug,#53FA05,47.6520602497212,41.8637631114269,no affective
Lezgic,"<a href=""http://glottolog.org/resource/languoid/id/aghu1253"">Agul</a>",Burshag,#53FA05,47.6425081990993,41.8957528014344,no affective
Lezgic,"<a href=""http://glottolog.org/resource/languoid/id/aghu1253"">Agul</a>",Goa,#53FA05,47.7008324750399,41.7531305343514,no affective
Lezgic,"<a href=""http://glottolog.org/resource/languoid/id/aghu1253"">Agul</a>",Dulduk,#53FA05,47.6722468989661,41.7715479827661,no affective
Lezgic,"<a href=""http://glottolog.org/resource/languoid/id/aghu1253"">Agul</a>",Yarkug,#53FA05,47.6846985992336,41.7987172999874,no affective
Lezgic,"<a href=""http://glottolog.org/resource/languoid/id/aghu1253"">Agul</a>",Kurag,#53FA05,47.6612846000693,41.8364963012306,no affective
Lezgic,"<a href=""http://glottolog.org/resource/languoid/id/aghu1253"">Agul</a>",Khudig,#53FA05,47.6563890032043,41.8522220021553,no affective
Lezgic,"<a href=""http://glottolog.org/resource/languoid/id/aghu1253"">Agul</a>",Bedyuk,#53FA05,47.527624997169,41.715137001977,no affective
Lezgic,"<a href=""http://glottolog.org/resource/languoid/id/aghu1253"">Agul</a>",Richa,#53FA05,47.5040970458588,41.7632360007839,no affective
Lezgic,"<a href=""http://glottolog.org/resource/languoid/id/aghu1253"">Agul</a>",Tpig,#53FA05,47.5943484351755,41.7806536235073,no affective
Lezgic,"<a href=""http://glottolog.org/resource/languoid/id/aghu1253"">Agul</a>",Fite,#53FA05,47.7411798408022,41.7912675788014,no affective
Lezgic,"<a href=""http://glottolog.org/resource/languoid/id/aghu1253"">Agul</a>",Misi,#53FA05,47.6381053877166,41.8195806818911,no affective
Lezgic,"<a href=""http://glottolog.org/resource/languoid/id/aghu1253"">Agul</a>",Khutkhul,#53FA05,47.7200682384314,41.7397295028501,no affective
Lezgic,"<a href=""http://glottolog.org/resource/languoid/id/aghu1253"">Agul</a>",Druzhba,#53FA05,46.0717395373405,42.3266821091128,no affective
Lezgic,"<a href=""http://glottolog.org/resource/languoid/id/arch1244""> Archi </a>",Archib,#2FA80A,46.8694498,42.0670324,no affective
Lezgic,"<a href=""http://glottolog.org/resource/languoid/id/arch1244""> Archi </a>",Alchunib,#2FA80A,46.8701898036151,42.052449900742,no affective
Lezgic,"<a href=""http://glottolog.org/resource/languoid/id/arch1244""> Archi </a>",Kalib,#2FA80A,46.8607812007264,42.0712881002178,no affective
Lezgic,"<a href=""http://glottolog.org/resource/languoid/id/arch1244""> Archi </a>",Keserib,#2FA80A,46.8816179992641,42.0650706010278,no affective
Lezgic,"<a href=""http://glottolog.org/resource/languoid/id/arch1244""> Archi </a>",Kubatl',#2FA80A,46.8586533948156,42.0371260011856,no affective
Lezgic,"<a href=""http://glottolog.org/resource/languoid/id/arch1244""> Archi </a>",Khilikh,#2FA80A,46.888850503134,42.0591514018424,no affective
Lezgic,"<a href=""http://glottolog.org/resource/languoid/id/arch1244""> Archi </a>",Khitab,#2FA80A,46.8657867009769,42.076939600282,no affective
Lak,"<a href =""http://glottolog.org/resource/languoid/id/lakk1252""> Lak</a>",Kyakhulaj,#E000E0,47.4811192352026,42.960703782133,no affective
Lak,"<a href =""http://glottolog.org/resource/languoid/id/lakk1252""> Lak</a>",Novy'j Kyakhulaj,#E000E0,47.52219967918,42.9399943481832,no affective
Lak,"<a href =""http://glottolog.org/resource/languoid/id/lakk1252""> Lak</a>",Balkhar,#E000E0,47.230565175316,42.277530514506,no affective
Lak,"<a href =""http://glottolog.org/resource/languoid/id/lakk1252""> Lak</a>",Kuli,#E000E0,47.24133868074,42.0189361394721,no affective
Lak,"<a href =""http://glottolog.org/resource/languoid/id/lakk1252""> Lak</a>",Ulluchara,#E000E0,47.2766537929042,42.2022473247377,no affective
Lak,"<a href =""http://glottolog.org/resource/languoid/id/lakk1252""> Lak</a>",Czulikana,#E000E0,47.257737199956,42.2587296686629,no affective
Lak,"<a href =""http://glottolog.org/resource/languoid/id/lakk1252""> Lak</a>",L'vovskij 2-j,#E000E0,47.1793136302811,43.3900693914561,no affective
Lak,"<a href =""http://glottolog.org/resource/languoid/id/lakk1252""> Lak</a>",Turzin,#E000E0,47.1888364622301,43.3877908295206,no affective
Lak,"<a href =""http://glottolog.org/resource/languoid/id/lakk1252""> Lak</a>",Put' k Kommunizmu,#E000E0,47.0286173369966,43.6808856760029,no affective
Lak,"<a href =""http://glottolog.org/resource/languoid/id/lakk1252""> Lak</a>",Sangar,#E000E0,47.1721629441771,43.5914258374918,no affective
Lak,"<a href =""http://glottolog.org/resource/languoid/id/lakk1252""> Lak</a>",Arussi,#E000E0,47.2359113773406,43.5390504078963,no affective
Lak,"<a href =""http://glottolog.org/resource/languoid/id/lakk1252""> Lak</a>",Im. Kalinina,#E000E0,46.9349386308004,44.0539835381227,no affective
Lak,"<a href =""http://glottolog.org/resource/languoid/id/lakk1252""> Lak</a>",Truzhenik,#E000E0,47.4785976004432,43.4978130135009,no affective
Lak,"<a href =""http://glottolog.org/resource/languoid/id/lakk1252""> Lak</a>",Glavnij Kit,#E000E0,47.4443003000093,43.48752640012,no affective
Lak,"<a href =""http://glottolog.org/resource/languoid/id/lakk1252""> Lak</a>",L'vovskij 10-j,#E000E0,47.2602411961343,43.435713757654,no affective
Lak,"<a href =""http://glottolog.org/resource/languoid/id/lakk1252""> Lak</a>",L'vovskij 11-j,#E000E0,47.2773816931288,43.4400782435672,no affective
Lak,"<a href =""http://glottolog.org/resource/languoid/id/lakk1252""> Lak</a>",L'vovskij 12-j,#E000E0,47.2968872762319,43.4203400345704,no affective
Lak,"<a href =""http://glottolog.org/resource/languoid/id/lakk1252""> Lak</a>",L'vovskij 13-j,#E000E0,47.3140949187696,43.4629199690234,no affective
Lak,"<a href =""http://glottolog.org/resource/languoid/id/lakk1252""> Lak</a>",L'vovskij 14-j,#E000E0,47.3262553203257,43.4735467461282,no affective
Lak,"<a href =""http://glottolog.org/resource/languoid/id/lakk1252""> Lak</a>",Asaul,#E000E0,47.3501984346911,43.3856918455762,no affective
Lak,"<a href =""http://glottolog.org/resource/languoid/id/lakk1252""> Lak</a>",Arczalu,#E000E0,47.2087328682337,43.3750090990631,no affective
Lak,"<a href =""http://glottolog.org/resource/languoid/id/lakk1252""> Lak</a>",L'vovskij 9-j,#E000E0,47.2525761836507,43.4512938911538,no affective
Lak,"<a href =""http://glottolog.org/resource/languoid/id/lakk1252""> Lak</a>",Humaul,#E000E0,47.444414839027,43.3906598543182,no affective
Lak,"<a href =""http://glottolog.org/resource/languoid/id/lakk1252""> Lak</a>",Tugaj,#E000E0,46.7902968469661,43.1231858138135,no affective
Lak,"<a href =""http://glottolog.org/resource/languoid/id/lakk1252""> Lak</a>",Luguvalu,#E000E0,47.2827834415335,43.5755302557727,no affective
Lak,"<a href =""http://glottolog.org/resource/languoid/id/lakk1252""> Lak</a>",Dilchu,#E000E0,47.4655462858138,43.1189133996129,no affective
Lak,"<a href =""http://glottolog.org/resource/languoid/id/lakk1252""> Lak</a>",Harazma,#E000E0,47.1546646747676,43.5445467274608,no affective
Lak,"<a href =""http://glottolog.org/resource/languoid/id/lakk1252""> Lak</a>",Balasma,#E000E0,47.1502776956893,43.5988597503392,no affective
Lak,"<a href =""http://glottolog.org/resource/languoid/id/lakk1252""> Lak</a>",Shadni,#E000E0,47.6501259264794,42.1916554472954,no affective
Lak,"<a href =""http://glottolog.org/resource/languoid/id/lakk1252""> Lak</a>",Kizilyurt,#E000E0,46.8669830208825,43.2058640126709,no affective
Lak,"<a href =""http://glottolog.org/resource/languoid/id/lakk1252""> Lak</a>",Nov. Sulak,#E000E0,46.8186740926393,43.2102035898009,no affective
Lak,"<a href =""http://glottolog.org/resource/languoid/id/lakk1252""> Lak</a>",Pervokizlyarskoe,#E000E0,46.680586363793,43.885674451815,no affective
Lak,"<a href =""http://glottolog.org/resource/languoid/id/lakk1252""> Lak</a>",Im. Shaumyana,#E000E0,46.688522676503,43.8738064999158,no affective
Lak,"<a href =""http://glottolog.org/resource/languoid/id/lakk1252""> Lak</a>",Vachi,#E000E0,47.2136045695405,42.072244387836,no affective
Lak,"<a href =""http://glottolog.org/resource/languoid/id/lakk1252""> Lak</a>",Vihli,#E000E0,47.2213643467523,42.1270477517149,no affective
Lak,"<a href =""http://glottolog.org/resource/languoid/id/lakk1252""> Lak</a>",Sukiyah,#E000E0,47.2374312255439,42.1216907140775,no affective
Lak,"<a href =""http://glottolog.org/resource/languoid/id/lakk1252""> Lak</a>",Kani,#E000E0,47.1912654326738,42.1382775245117,no affective
Lak,"<a href =""http://glottolog.org/resource/languoid/id/lakk1252""> Lak</a>",Kaya,#E000E0,47.2035889676589,42.0753891970482,no affective
Lak,"<a href =""http://glottolog.org/resource/languoid/id/lakk1252""> Lak</a>",Hojmi,#E000E0,47.2070371044169,42.0938311021548,no affective
Lak,"<a href =""http://glottolog.org/resource/languoid/id/lakk1252""> Lak</a>",Sumbatl',#E000E0,47.2210446832632,42.0463198772811,no affective
Lak,"<a href =""http://glottolog.org/resource/languoid/id/lakk1252""> Lak</a>",Hojhi,#E000E0,47.1866119059122,42.1211977881156,no affective
Lak,"<a href =""http://glottolog.org/resource/languoid/id/lakk1252""> Lak</a>",Hosreh,#E000E0,47.2704907648138,41.9939880334971,no affective
Lak,"<a href =""http://glottolog.org/resource/languoid/id/lakk1252""> Lak</a>",Tsovkra 1-ya,#E000E0,47.2705560004505,42.0591433074607,no affective
Lak,"<a href =""http://glottolog.org/resource/languoid/id/lakk1252""> Lak</a>",Tsovkra 2-ya,#E000E0,47.1530969156828,42.0425058045555,no affective
Lak,"<a href =""http://glottolog.org/resource/languoid/id/lakk1252""> Lak</a>",Tsushhar,#E000E0,47.1424999993974,42.0783329995068,no affective
Lak,"<a href =""http://glottolog.org/resource/languoid/id/lakk1252""> Lak</a>",Tsy'jshi,#E000E0,47.2238999004052,42.1039465998755,no affective
Lak,"<a href =""http://glottolog.org/resource/languoid/id/lakk1252""> Lak</a>",Burshi,#E000E0,47.0644442949152,42.0313891344496,no affective
Lak,"<a href =""http://glottolog.org/resource/languoid/id/lakk1252""> Lak</a>",Kamahal,#E000E0,47.0011230059771,42.2277408287401,no affective
Lak,"<a href =""http://glottolog.org/resource/languoid/id/lakk1252""> Lak</a>",Palisma,#E000E0,47.0168203049506,42.2286044919656,no affective
Lak,"<a href =""http://glottolog.org/resource/languoid/id/lakk1252""> Lak</a>",Karasha,#E000E0,47.1775491918188,42.2222310893709,no affective
Lak,"<a href =""http://glottolog.org/resource/languoid/id/lakk1252""> Lak</a>",Gujmi,#E000E0,47.1974849778141,42.2299940764558,no affective
Lak,"<a href =""http://glottolog.org/resource/languoid/id/lakk1252""> Lak</a>",Kara,#E000E0,47.1714194536767,42.2871552933198,no affective
Lak,"<a href =""http://glottolog.org/resource/languoid/id/lakk1252""> Lak</a>",Kuba,#E000E0,47.1169015355603,42.3251149424322,no affective
Lak,"<a href =""http://glottolog.org/resource/languoid/id/lakk1252""> Lak</a>",Kubra,#E000E0,47.0816678041597,42.1444436232889,no affective
Lak,"<a href =""http://glottolog.org/resource/languoid/id/lakk1252""> Lak</a>",Gushhi,#E000E0,47.1044269872805,42.1472290463394,no affective
Lak,"<a href =""http://glottolog.org/resource/languoid/id/lakk1252""> Lak</a>",Kulushacz,#E000E0,47.1074878681748,42.1347664378323,no affective
Lak,"<a href =""http://glottolog.org/resource/languoid/id/lakk1252""> Lak</a>",Chitur,#E000E0,47.1074111464561,42.1348233223232,no affective
Lak,"<a href =""http://glottolog.org/resource/languoid/id/lakk1252""> Lak</a>",Churtah,#E000E0,47.0831937895604,42.1114668917792,no affective
Lak,"<a href =""http://glottolog.org/resource/languoid/id/lakk1252""> Lak</a>",Kuma,#E000E0,47.1367625435458,42.2733539932861,no affective
Lak,"<a href =""http://glottolog.org/resource/languoid/id/lakk1252""> Lak</a>",Bagikla,#E000E0,47.134172029107,42.2536493409192,no affective
Lak,"<a href =""http://glottolog.org/resource/languoid/id/lakk1252""> Lak</a>",Kumuh,#E000E0,47.11751021068,42.1706376746205,no affective
Lak,"<a href =""http://glottolog.org/resource/languoid/id/lakk1252""> Lak</a>",Urba,#E000E0,47.1175000001775,42.170555999225,no affective
Lak,"<a href =""http://glottolog.org/resource/languoid/id/lakk1252""> Lak</a>",Kundy,#E000E0,47.1638741276618,42.2702473106832,no affective
Lak,"<a href =""http://glottolog.org/resource/languoid/id/lakk1252""> Lak</a>",Shahuva,#E000E0,47.1605716804046,42.2509244958587,no affective
Lak,"<a href =""http://glottolog.org/resource/languoid/id/lakk1252""> Lak</a>",Unchukatl',#E000E0,47.1533508187871,42.2214616534708,no affective
Lak,"<a href =""http://glottolog.org/resource/languoid/id/lakk1252""> Lak</a>",Kamasha,#E000E0,47.141706583674,42.2291303599197,no affective
Lak,"<a href =""http://glottolog.org/resource/languoid/id/lakk1252""> Lak</a>",Uri,#E000E0,47.015285602952,42.2052794393262,no affective
Lak,"<a href =""http://glottolog.org/resource/languoid/id/lakk1252""> Lak</a>",Mukar,#E000E0,47.0237091427477,42.2025434200695,no affective
Lak,"<a href =""http://glottolog.org/resource/languoid/id/lakk1252""> Lak</a>",Hulisma,#E000E0,47.0583329981939,42.0930560068731,no affective
Lak,"<a href =""http://glottolog.org/resource/languoid/id/lakk1252""> Lak</a>",Huna,#E000E0,47.1616392074316,42.1785880049904,no affective
Lak,"<a href =""http://glottolog.org/resource/languoid/id/lakk1252""> Lak</a>",Kurla,#E000E0,47.1882299099147,42.1965972059219,no affective
Lak,"<a href =""http://glottolog.org/resource/languoid/id/lakk1252""> Lak</a>",Lahir,#E000E0,47.1780977954378,42.1767483503144,no affective
Lak,"<a href =""http://glottolog.org/resource/languoid/id/lakk1252""> Lak</a>",Turci,#E000E0,47.1693563754714,42.1842427752935,no affective
Lak,"<a href =""http://glottolog.org/resource/languoid/id/lakk1252""> Lak</a>",Shuni,#E000E0,47.1738873002459,42.1945567998213,no affective
Lak,"<a href =""http://glottolog.org/resource/languoid/id/lakk1252""> Lak</a>",Inisha,#E000E0,47.2052396807004,42.1500544095794,no affective
Lak,"<a href =""http://glottolog.org/resource/languoid/id/lakk1252""> Lak</a>",Viraty,#E000E0,47.2028026621941,42.1571507599683,no affective
Lak,"<a href =""http://glottolog.org/resource/languoid/id/lakk1252""> Lak</a>",Huri,#E000E0,47.1277383292824,42.1707899119316,no affective
Lak,"<a href =""http://glottolog.org/resource/languoid/id/lakk1252""> Lak</a>",Hurukra,#E000E0,47.1358124814032,42.1558699390583,no affective
Lak,"<a href =""http://glottolog.org/resource/languoid/id/lakk1252""> Lak</a>",Kikni,#E000E0,47.1602779996048,42.1269439998853,no affective
Lak,"<a href =""http://glottolog.org/resource/languoid/id/lakk1252""> Lak</a>",Huty,#E000E0,47.070038554095,42.1874741514349,no affective
Lak,"<a href =""http://glottolog.org/resource/languoid/id/lakk1252""> Lak</a>",Hurhi,#E000E0,47.1283201364863,42.1069617760282,no affective
Lak,"<a href =""http://glottolog.org/resource/languoid/id/lakk1252""> Lak</a>",Kundah,#E000E0,47.0906639804717,42.0994654391669,no affective
Lak,"<a href =""http://glottolog.org/resource/languoid/id/lakk1252""> Lak</a>",Kurkli,#E000E0,47.1273038035994,42.2817701152405,no affective
Lak,"<a href =""http://glottolog.org/resource/languoid/id/lakk1252""> Lak</a>",Chukna,#E000E0,47.1205586257853,42.300270805991,no affective
Lak,"<a href =""http://glottolog.org/resource/languoid/id/lakk1252""> Lak</a>",Shara,#E000E0,47.1344867153164,42.1143902869611,no affective
Lak,"<a href =""http://glottolog.org/resource/languoid/id/lakk1252""> Lak</a>",Shovkra,#E000E0,47.1266669994463,42.1397219994783,no affective
Lak,"<a href =""http://glottolog.org/resource/languoid/id/lakk1252""> Lak</a>",Govkra,#E000E0,47.1313238732271,42.1306923263322,no affective
Lak,"<a href =""http://glottolog.org/resource/languoid/id/lakk1252""> Lak</a>",Tulizma,#E000E0,47.1194584217053,42.1130774134807,no affective
Lak,"<a href =""http://glottolog.org/resource/languoid/id/lakk1252""> Lak</a>",Akhar,#E000E0,47.1706504977118,42.1567482623868,no affective
Lak,"<a href =""http://glottolog.org/resource/languoid/id/lakk1252""> Lak</a>",Gamiyah,#E000E0,47.4614485412703,43.1185133683549,no affective
Lak,"<a href =""http://glottolog.org/resource/languoid/id/lakk1252""> Lak</a>",Duchi,#E000E0,46.4967067884517,43.183898045813,no affective
Lak,"<a href =""http://glottolog.org/resource/languoid/id/lakk1252""> Lak</a>",Niczovkra,#E000E0,46.4769722607205,43.1578674279935,no affective
Lak,"<a href =""http://glottolog.org/resource/languoid/id/lakk1252""> Lak</a>",Novolakskoe,#E000E0,46.4833264117648,43.1167495739091,no affective
Lak,"<a href =""http://glottolog.org/resource/languoid/id/lakk1252""> Lak</a>",Novokuli,#E000E0,47.4402970740346,43.0355705549958,no affective
Lak,"<a href =""http://glottolog.org/resource/languoid/id/lakk1252""> Lak</a>",Novochurtah,#E000E0,46.5330560138167,43.2027779951167,no affective
Lak,"<a href =""http://glottolog.org/resource/languoid/id/lakk1252""> Lak</a>",Tuhchar,#E000E0,46.4099206884932,43.221454149392,no affective
Lak,"<a href =""http://glottolog.org/resource/languoid/id/lakk1252""> Lak</a>",Chapaevo,#E000E0,47.4511146960304,43.0649783943873,no affective
Lak,"<a href =""http://glottolog.org/resource/languoid/id/lakk1252""> Lak</a>",Shushiya,#E000E0,47.4643840261359,43.1574403989114,no affective
Lak,"<a href =""http://glottolog.org/resource/languoid/id/lakk1252""> Lak</a>",Arakul',#E000E0,47.2114073781929,41.7723236105474,no affective
Lak,"<a href =""http://glottolog.org/resource/languoid/id/lakk1252""> Lak</a>",Verkh. Katruh,#E000E0,47.2234025723586,41.7468575665785,no affective
Lak,"<a href =""http://glottolog.org/resource/languoid/id/lakk1252""> Lak</a>",Shalib,#E000E0,46.9195862025441,42.0916213446939,no affective
Tsezic,"<a href=""http://glottolog.org/resource/languoid/id/bezh1248""> Bezhta </a>",Kachalay,#5509D9,46.7099999958566,43.7069440026899,no affective
Tsezic,"<a href=""http://glottolog.org/resource/languoid/id/bezh1248""> Bezhta </a>",Karaozek,#5509D9,46.6644269992938,43.6873815993824,no affective
Tsezic,"<a href=""http://glottolog.org/resource/languoid/id/bezh1248""> Bezhta </a>",Bezhta,#5509D9,46.1219439969705,42.1336110101466,no affective
Tsezic,"<a href=""http://glottolog.org/resource/languoid/id/bezh1248""> Bezhta </a>",Tlyadal,#5509D9,46.2378954015358,42.1212593983096,no affective
Tsezic,"<a href=""http://glottolog.org/resource/languoid/id/bezh1248""> Bezhta </a>",Khasharkhota,#5509D9,46.1507867015452,42.1265504004684,no affective
Tsezic,"<a href =""http://glottolog.org/resource/languoid/id/khva1239""> Khvarshi </a>",Inkhokvari,#006FFF,46.0650627977026,42.4154005998171,no affective
Tsezic,"<a href =""http://glottolog.org/resource/languoid/id/khva1239""> Khvarshi </a>",Verh. Inkhokvari,#006FFF,46.0666666651902,42.4166666657519,no affective
Tsezic,"<a href =""http://glottolog.org/resource/languoid/id/khva1239""> Khvarshi </a>",Kvantlada,#006FFF,46.0658784976576,42.392496798058,no affective
Tsezic,"<a href =""http://glottolog.org/resource/languoid/id/khva1239""> Khvarshi </a>",Santlada,#006FFF,46.0836630992574,42.3905646984779,no affective
Tsezic,"<a href =""http://glottolog.org/resource/languoid/id/khva1239""> Khvarshi </a>",Khvarshi,#006FFF,46.1064360005525,42.3524520015529,no affective
Tsezic,"<a href =""http://glottolog.org/resource/languoid/id/khva1239""> Khvarshi </a>",Khonokh,#006FFF,46.5104799991934,42.3172150001241,no affective
Tsezic,"<a href =""http://glottolog.org/resource/languoid/id/khva1239""> Khvarshi </a>",Khvayni,#006FFF,45.9703587013229,42.4151641013413,no affective
Tsezic,"<a href =""http://glottolog.org/resource/languoid/id/dido1241""> Tsez </a>",Karatyube,#0099D6,46.8244439969208,43.6680559974742,no affective
Tsezic,"<a href =""http://glottolog.org/resource/languoid/id/dido1241""> Tsez </a>",Vyshetalovka,#0099D6,46.7321300891456,44.0420124949987,no affective
Tsezic,"<a href =""http://glottolog.org/resource/languoid/id/dido1241""> Tsez </a>",Hushet,#0099D6,45.7500000032886,42.3833329825957,no affective
Tsezic,"<a href =""http://glottolog.org/resource/languoid/id/dido1241""> Tsez </a>",Kidero,#0099D6,45.9583330281334,42.1930559946798,no affective
Tsezic,"<a href =""http://glottolog.org/resource/languoid/id/dido1241""> Tsez </a>",Zekhida,#0099D6,45.9505820246028,42.1968963629707,no affective
Tsezic,"<a href =""http://glottolog.org/resource/languoid/id/dido1241""> Tsez </a>",Gutatli,#0099D6,45.9357711987005,42.209665699743,no affective
Tsezic,"<a href =""http://glottolog.org/resource/languoid/id/dido1241""> Tsez </a>",Retlob,#0099D6,45.8305603001739,42.2444258991848,no affective
Tsezic,"<a href =""http://glottolog.org/resource/languoid/id/dido1241""> Tsez </a>",Chalyakh,#0099D6,45.8397345994817,42.2416141010426,no affective
Tsezic,"<a href =""http://glottolog.org/resource/languoid/id/dido1241""> Tsez </a>",Kimyatli,#0099D6,45.8258722008487,42.2495756009212,no affective
Tsezic,"<a href =""http://glottolog.org/resource/languoid/id/dido1241""> Tsez </a>",Itsirakh,#0099D6,45.8517534012969,42.2445569999484,no affective
Tsezic,"<a href =""http://glottolog.org/resource/languoid/id/dido1241""> Tsez </a>",Terutli,#0099D6,45.7924022982273,42.2890478015462,no affective
Tsezic,"<a href =""http://glottolog.org/resource/languoid/id/dido1241""> Tsez </a>",Tsokhok,#0099D6,45.7962784001342,42.2764096991756,no affective
Tsezic,"<a href =""http://glottolog.org/resource/languoid/id/dido1241""> Tsez </a>",Chaatli,#0099D6,45.8333333352765,42.2666666671535,no affective
Tsezic,"<a href =""http://glottolog.org/resource/languoid/id/dido1241""> Tsez </a>",Udok,#0099D6,45.8036303984376,42.2669770974859,no affective
Tsezic,"<a href =""http://glottolog.org/resource/languoid/id/dido1241""> Tsez </a>",Shiya,#0099D6,45.8166666669171,42.2666666665467,no affective
Tsezic,"<a href =""http://glottolog.org/resource/languoid/id/dido1241""> Tsez </a>",Khora,#0099D6,45.8166661361206,42.2666705332236,no affective
Tsezic,"<a href =""http://glottolog.org/resource/languoid/id/dido1241""> Tsez </a>",Ikha,#0099D6,45.8123843012039,42.2595751019293,no affective
Tsezic,"<a href =""http://glottolog.org/resource/languoid/id/dido1241""> Tsez </a>",Akdy,#0099D6,45.8287862999418,42.2590769004861,no affective
Tsezic,"<a href =""http://glottolog.org/resource/languoid/id/dido1241""> Tsez </a>",Asakh,#0099D6,45.8192846984118,42.2629131005048,no affective
Tsezic,"<a href =""http://glottolog.org/resource/languoid/id/dido1241""> Tsez </a>",Genazokh,#0099D6,45.8044484016352,42.2742899008983,no affective
Tsezic,"<a href =""http://glottolog.org/resource/languoid/id/dido1241""> Tsez </a>",Makhalotli,#0099D6,45.7994237010646,42.2988623010233,no affective
Tsezic,"<a href =""http://glottolog.org/resource/languoid/id/dido1241""> Tsez </a>",Tlyatsuda,#0099D6,45.9264299999461,42.3497447991617,no affective
Tsezic,"<a href =""http://glottolog.org/resource/languoid/id/dido1241""> Tsez </a>",Mitluda,#0099D6,45.9499999976981,42.3666666661734,no affective
Tsezic,"<a href =""http://glottolog.org/resource/languoid/id/dido1241""> Tsez </a>",Khamaitli,#0099D6,45.9639601000894,42.3114741995866,no affective
Tsezic,"<a href =""http://glottolog.org/resource/languoid/id/dido1241""> Tsez </a>",Khibiyatl,#0099D6,45.8765957006655,42.1878641976904,no affective
Tsezic,"<a href =""http://glottolog.org/resource/languoid/id/dido1241""> Tsez </a>",Elbok,#0099D6,45.9092730303667,42.1834451991726,no affective
Tsezic,"<a href =""http://glottolog.org/resource/languoid/id/dido1241""> Tsez </a>",Vitsiyatl',#0099D6,45.8904464006129,42.1975748993605,no affective
Tsezic,"<a href =""http://glottolog.org/resource/languoid/id/dido1241""> Tsez </a>",Khupri,#0099D6,45.8420396998479,42.2014652987306,no affective
Tsezic,"<a href =""http://glottolog.org/resource/languoid/id/dido1241""> Tsez </a>",Geniyatl',#0099D6,46.0375450006202,42.2387558000621,no affective
Tsezic,"<a href =""http://glottolog.org/resource/languoid/id/dido1241""> Tsez </a>",Kituri,#0099D6,46.0197219999968,42.2452779995376,no affective
Tsezic,"<a href =""http://glottolog.org/resource/languoid/id/dido1241""> Tsez </a>",Shaitli,#0099D6,46.0524462604861,42.2380992739528,no affective
Tsezic,"<a href =""http://glottolog.org/resource/languoid/id/dido1241""> Tsez </a>",Shapikh,#0099D6,45.8595614999013,42.2244088018343,no affective
Tsezic,"<a href =""http://glottolog.org/resource/languoid/id/dido1241""> Tsez </a>",Tsitsimah,#0099D6,45.8286665997179,42.2165535975733,no affective
Tsezic,"<a href =""http://glottolog.org/resource/languoid/id/dido1241""> Tsez </a>",Khalakh,#0099D6,45.866666666431,42.2333333327355,no affective
Tsezic,"<a href =""http://glottolog.org/resource/languoid/id/dido1241""> Tsez </a>",Khutrakh,#0099D6,45.7999999979829,42.2333333328326,no affective
Tsezic,"<a href =""http://glottolog.org/resource/languoid/id/dido1241""> Tsez </a>",Kitlyarta,#0099D6,45.8463067021209,42.2102607003511,no affective
Tsezic,"<a href =""http://glottolog.org/resource/languoid/id/dido1241""> Tsez </a>",Mokok,#0099D6,45.902746704273,42.264453200082,no affective
Tsezic,"<a href =""http://glottolog.org/resource/languoid/id/dido1241""> Tsez </a>",Berikh,#0099D6,45.9166666674611,42.2833333333822,no affective
Tsezic,"<a href =""http://glottolog.org/resource/languoid/id/dido1241""> Tsez </a>",Galatli,#0099D6,45.896410100584,42.2890395991061,no affective
Tsezic,"<a href =""http://glottolog.org/resource/languoid/id/dido1241""> Tsez </a>",Khebatli,#0099D6,45.9276538833387,42.282933536936,no affective
Tsezic,"<a href =""http://glottolog.org/resource/languoid/id/dido1241""> Tsez </a>",Shauri,#0099D6,45.9398130980601,42.2708620982835,no affective
Tsezic,"<a href =""http://glottolog.org/resource/languoid/id/dido1241""> Tsez </a>",Azilta,#0099D6,45.9500000031791,42.2666666690708,no affective
Tsezic,"<a href =""http://glottolog.org/resource/languoid/id/dido1241""> Tsez </a>",Khenokh,#0099D6,45.9690436990628,42.262704100805,no affective
Tsezic,"<a href =""http://glottolog.org/resource/languoid/id/dido1241""> Tsez </a>",Khetokh,#0099D6,45.983333333408,42.2666666668086,no affective
Tsezic,"<a href =""http://glottolog.org/resource/languoid/id/dido1241""> Tsez </a>",Tsekhok,#0099D6,45.9871580999169,42.2471799994554,no affective
Tsezic,"<a href =""http://glottolog.org/resource/languoid/id/dido1241""> Tsez </a>",Khuntli,#0099D6,45.9833912638905,42.2643295176747,no affective
Tsezic,"<a href =""http://glottolog.org/resource/languoid/id/dido1241""> Tsez </a>",Tsibari,#0099D6,45.8792541999358,42.2524448995691,no affective
Tsezic,"<a href =""http://glottolog.org/resource/languoid/id/dido1241""> Tsez </a>",Karaozek,#0099D6,46.6644270010404,43.6873816000639,no affective
Tsezic,"<a href =""http://glottolog.org/resource/languoid/id/dido1241""> Tsez </a>",Novy Khushet,#0099D6,47.5586738018174,42.8987050010446,no affective
Tsezic,"<a href =""http://glottolog.org/resource/languoid/id/hunz1247""> Hunzib </a>",Nakhada,#0AF7D3,46.2304938803449,42.1423573427555,no affective
Tsezic,"<a href =""http://glottolog.org/resource/languoid/id/hunz1247""> Hunzib </a>",Garbutl',#0AF7D3,46.2561687408681,42.149831953193,no affective
Tsezic,"<a href =""http://glottolog.org/resource/languoid/id/hunz1247""> Hunzib </a>",Gunzib,#0AF7D3,46.2561687408681,42.149831953193,no affective
Dargwa,"<a href=""http://glottolog.org/resource/languoid/id/darg1241""> North-Dargwa </a>",Krasnopartizansk,#FFF700,48.0177779995793,42.2758330001061,no affective
Dargwa,"<a href=""http://glottolog.org/resource/languoid/id/darg1241""> North-Dargwa </a>",Aynikabmakhi,#FFF700,47.3647220004953,42.2666669994645,no affective
Dargwa,"<a href=""http://glottolog.org/resource/languoid/id/darg1241""> North-Dargwa </a>",Akusha,#FFF700,47.3436969831319,42.2751049039301,no affective
Dargwa,"<a href=""http://glottolog.org/resource/languoid/id/darg1241""> North-Dargwa </a>",Bergeinzi,#FFF700,47.3562298020153,42.2598155995656,no affective
Dargwa,"<a href=""http://glottolog.org/resource/languoid/id/darg1241""> North-Dargwa </a>",Gandaramakhi,#FFF700,47.3343520011384,42.2613349990468,no affective
Dargwa,"<a href=""http://glottolog.org/resource/languoid/id/darg1241""> North-Dargwa </a>",Urakhi,#FFF700,47.5983354492648,42.3360828744854,no affective
Dargwa,"<a href=""http://glottolog.org/resource/languoid/id/darg1241""> North-Dargwa </a>",Tsurmakhi,#FFF700,47.5751764048434,42.317538123134,no affective
Dargwa,"<a href=""http://glottolog.org/resource/languoid/id/darg1241""> North-Dargwa </a>",Ullukimakhi,#FFF700,47.5965842785727,42.3112537429539,no affective
Dargwa,"<a href=""http://glottolog.org/resource/languoid/id/darg1241""> North-Dargwa </a>",Burkhimakhi,#FFF700,47.5860774234874,42.3064723190553,no affective
Dargwa,"<a href=""http://glottolog.org/resource/languoid/id/darg1241""> North-Dargwa </a>",Bakhmakhi,#FFF700,47.5958361789387,42.3060101625141,no affective
Dargwa,"<a href=""http://glottolog.org/resource/languoid/id/darg1241""> North-Dargwa </a>",Arachanamakhi,#FFF700,47.5833976358627,42.3188598861364,no affective
Dargwa,"<a href=""http://glottolog.org/resource/languoid/id/darg1241""> North-Dargwa </a>",Aynurbimakhi,#FFF700,47.5848229881182,42.2957874987051,no affective
Dargwa,"<a href=""http://glottolog.org/resource/languoid/id/darg1241""> North-Dargwa </a>",Nizhneye Mulebki,#FFF700,47.5695396372742,42.3279658068421,no affective
Dargwa,"<a href=""http://glottolog.org/resource/languoid/id/darg1241""> North-Dargwa </a>",Myurego,#FFF700,47.6947220079755,42.4161110029029,no affective
Dargwa,"<a href=""http://glottolog.org/resource/languoid/id/darg1241""> North-Dargwa </a>",Murguk,#FFF700,47.6947219986327,42.266111000427,no affective
Dargwa,"<a href=""http://glottolog.org/resource/languoid/id/darg1241""> North-Dargwa </a>",Mugri,#FFF700,47.6298598901645,42.2689916061641,no affective
Dargwa,"<a href=""http://glottolog.org/resource/languoid/id/darg1241""> North-Dargwa </a>",Novoye Mugri,#FFF700,47.7560635760155,42.4737864049755,no affective
Dargwa,"<a href=""http://glottolog.org/resource/languoid/id/darg1241""> North-Dargwa </a>",Gumramakhi,#FFF700,47.3516673572681,42.2511029509836,no affective
Dargwa,"<a href=""http://glottolog.org/resource/languoid/id/darg1241""> North-Dargwa </a>",Inzimakhi,#FFF700,47.3530547118974,42.2709197291095,no affective
Dargwa,"<a href=""http://glottolog.org/resource/languoid/id/darg1241""> North-Dargwa </a>",Karsha,#FFF700,47.3438185057516,42.269625041767,no affective
Dargwa,"<a href=""http://glottolog.org/resource/languoid/id/darg1241""> North-Dargwa </a>",Kertukmakhi,#FFF700,47.3770369238537,42.2909764639881,no affective
Dargwa,"<a href=""http://glottolog.org/resource/languoid/id/darg1241""> North-Dargwa </a>",Kakmakhi,#FFF700,47.3852663728984,42.292211312174,no affective
Dargwa,"<a href=""http://glottolog.org/resource/languoid/id/darg1241""> North-Dargwa </a>",Semgamakhi,#FFF700,47.361063573336,42.2830405026482,no affective
Dargwa,"<a href=""http://glottolog.org/resource/languoid/id/darg1241""> North-Dargwa </a>",Urgubamakhi,#FFF700,47.3185783683268,42.2897105004045,no affective
Dargwa,"<a href=""http://glottolog.org/resource/languoid/id/darg1241""> North-Dargwa </a>",Tserkhimakhi,#FFF700,47.3373589027601,42.2770014301121,no affective
Dargwa,"<a href=""http://glottolog.org/resource/languoid/id/darg1241""> North-Dargwa </a>",Chankalamakhi,#FFF700,47.366146949162,42.2773593782528,no affective
Dargwa,"<a href=""http://glottolog.org/resource/languoid/id/darg1241""> North-Dargwa </a>",Akhsakadamakhi,#FFF700,47.4172705009779,42.3007086005525,no affective
Dargwa,"<a href=""http://glottolog.org/resource/languoid/id/darg1241""> North-Dargwa </a>",Burgimakmakhi,#FFF700,47.371591111979,42.291081814895,no affective
Dargwa,"<a href=""http://glottolog.org/resource/languoid/id/darg1241""> North-Dargwa </a>",Kavkamakhi,#FFF700,47.2967307568839,42.312521602257,no affective
Dargwa,"<a href=""http://glottolog.org/resource/languoid/id/darg1241""> North-Dargwa </a>",Uznimakhi,#FFF700,47.3863821080358,42.3014102969037,no affective
Dargwa,"<a href=""http://glottolog.org/resource/languoid/id/darg1241""> North-Dargwa </a>",Chinimakhi,#FFF700,47.3755713803231,42.2762134907455,no affective
Dargwa,"<a href=""http://glottolog.org/resource/languoid/id/darg1241""> North-Dargwa </a>",Verkhniye Mulebki,#FFF700,47.5218758832353,42.3110516024203,no affective
Dargwa,"<a href=""http://glottolog.org/resource/languoid/id/darg1241""> North-Dargwa </a>",Khantskarkamakhi,#FFF700,47.5520106620528,42.3311095624583,no affective
Dargwa,"<a href=""http://glottolog.org/resource/languoid/id/darg1241""> North-Dargwa </a>",Kulkibekmakhi,#FFF700,47.562567786549,42.3392312136185,no affective
Dargwa,"<a href=""http://glottolog.org/resource/languoid/id/darg1241""> North-Dargwa </a>",Karamakhi,#FFF700,47.2615023264147,42.6170233026404,no affective
Dargwa,"<a href=""http://glottolog.org/resource/languoid/id/darg1241""> North-Dargwa </a>",Miglakasimakhi,#FFF700,47.5592238007293,42.3373726188201,no affective
Dargwa,"<a href=""http://glottolog.org/resource/languoid/id/darg1241""> North-Dargwa </a>",Mamaaul,#FFF700,47.7526549800951,42.3171284691471,no affective
Dargwa,"<a href=""http://glottolog.org/resource/languoid/id/darg1241""> North-Dargwa </a>",Kachkilik,#FFF700,47.7172831561296,42.3489189013402,no affective
Dargwa,"<a href=""http://glottolog.org/resource/languoid/id/darg1241""> North-Dargwa </a>",Baltamakhi,#FFF700,47.7282532209264,42.2981157736603,no affective
Dargwa,"<a href=""http://glottolog.org/resource/languoid/id/darg1241""> North-Dargwa </a>",Kichi-Gamri,#FFF700,47.7109863384653,42.3120728607639,no affective
Dargwa,"<a href=""http://glottolog.org/resource/languoid/id/darg1241""> North-Dargwa </a>",Kanasiragi,#FFF700,47.6405328928672,42.2557209017151,no affective
Dargwa,"<a href=""http://glottolog.org/resource/languoid/id/darg1241""> North-Dargwa </a>",Aymaumakhi,#FFF700,47.5713019474284,42.3602918575807,no affective
Dargwa,"<a href=""http://glottolog.org/resource/languoid/id/darg1241""> North-Dargwa </a>",Chakhimakhi,#FFF700,47.5621315818645,42.4173102624551,no affective
Dargwa,"<a href=""http://glottolog.org/resource/languoid/id/darg1241""> North-Dargwa </a>",Gerkhmakhi,#FFF700,47.5290867374863,42.2640484568466,no affective
Dargwa,"<a href=""http://glottolog.org/resource/languoid/id/darg1241""> North-Dargwa </a>",Baykatmakhi,#FFF700,47.2974810593997,42.2712427110527,no affective
Dargwa,"<a href=""http://glottolog.org/resource/languoid/id/darg1241""> North-Dargwa </a>",Ayamakhi,#FFF700,47.5718908896035,42.4054128988608,no affective
Dargwa,"<a href=""http://glottolog.org/resource/languoid/id/darg1241""> North-Dargwa </a>",Dubrimakhi,#FFF700,47.2949161953262,42.2660668297114,no affective
Dargwa,"<a href=""http://glottolog.org/resource/languoid/id/darg1241""> North-Dargwa </a>",Kamkadamakhi,#FFF700,47.3091643705729,42.2557379036136,no affective
Dargwa,"<a href=""http://glottolog.org/resource/languoid/id/darg1241""> North-Dargwa </a>",Khazhnimakhi,#FFF700,47.3183922258308,42.2534001843218,no affective
Dargwa,"<a href=""http://glottolog.org/resource/languoid/id/darg1241""> North-Dargwa </a>",Tsundimakhi,#FFF700,47.3152382239609,42.2513085899665,no affective
Dargwa,"<a href=""http://glottolog.org/resource/languoid/id/darg1241""> North-Dargwa </a>",Shinkbalakada,#FFF700,47.3011887530613,42.2598812522074,no affective
Dargwa,"<a href=""http://glottolog.org/resource/languoid/id/darg1241""> North-Dargwa </a>",Shumkhrimakhi,#FFF700,47.2722823023426,42.2922276322807,no affective
Dargwa,"<a href=""http://glottolog.org/resource/languoid/id/darg1241""> North-Dargwa </a>",Mugi,#FFF700,47.4320430471562,42.2887406129572,no affective
Dargwa,"<a href=""http://glottolog.org/resource/languoid/id/darg1241""> North-Dargwa </a>",Nizhneye Makhargimakhi,#FFF700,47.6371095163025,42.330803298088,no affective
Dargwa,"<a href=""http://glottolog.org/resource/languoid/id/darg1241""> North-Dargwa </a>",Verkhneye Makhargimakhi,#FFF700,47.6232364744901,42.3457593227013,no affective
Dargwa,"<a href=""http://glottolog.org/resource/languoid/id/darg1241""> North-Dargwa </a>",Burdeki,#FFF700,47.6699885822695,42.3040808797296,no affective
Dargwa,"<a href=""http://glottolog.org/resource/languoid/id/darg1241""> North-Dargwa </a>",Chabazimakhi,#FFF700,47.5708774983911,42.3510178190703,no affective
Dargwa,"<a href=""http://glottolog.org/resource/languoid/id/darg1241""> North-Dargwa </a>",Ayalizimakhi,#FFF700,47.6154081348513,42.3822097950674,no affective
Dargwa,"<a href=""http://glottolog.org/resource/languoid/id/darg1241""> North-Dargwa </a>",Khabkaymakhi,#FFF700,47.5909288975043,42.3565212179904,no affective
Dargwa,"<a href=""http://glottolog.org/resource/languoid/id/darg1241""> North-Dargwa </a>",Zelenomorskoye,#FFF700,47.6915200117072,42.7708236714545,no affective
Dargwa,"<a href=""http://glottolog.org/resource/languoid/id/darg1241""> North-Dargwa </a>",Gurbuki,#FFF700,47.6037888753448,42.6100958762207,no affective
Dargwa,"<a href=""http://glottolog.org/resource/languoid/id/darg1241""> North-Dargwa </a>",Leninkent,#FFF700,47.3527224396738,42.9680680892998,no affective
Dargwa,"<a href=""http://glottolog.org/resource/languoid/id/darg1241""> North-Dargwa </a>",Siragi,#FFF700,47.7679342990369,42.5020454994715,no affective
Dargwa,"<a href=""http://glottolog.org/resource/languoid/id/darg1241""> North-Dargwa </a>",,#FFF700,47.7669440051541,42.5183329919546,no affective
Dargwa,"<a href=""http://glottolog.org/resource/languoid/id/darg1241""> North-Dargwa </a>",Gudben,#FFF700,47.5633928466428,42.5658304730416,no affective
Dargwa,"<a href=""http://glottolog.org/resource/languoid/id/darg1241""> North-Dargwa </a>",Khadzhalmakhi,#FFF700,47.1788041263079,42.4127324558936,no affective
Dargwa,"<a href=""http://glottolog.org/resource/languoid/id/darg1241""> North-Dargwa </a>",Kurimakhi,#FFF700,47.3057577474325,42.3044444819515,no affective
Dargwa,"<a href=""http://glottolog.org/resource/languoid/id/darg1241""> North-Dargwa </a>",Urkhuchimakhi,#FFF700,47.2590318904775,42.3105092989485,no affective
Dargwa,"<a href=""http://glottolog.org/resource/languoid/id/darg1241""> North-Dargwa </a>",Tsunimakhi,#FFF700,47.2620078429068,42.2988897004007,no affective
Dargwa,"<a href=""http://glottolog.org/resource/languoid/id/darg1241""> North-Dargwa </a>",Kadar,#FFF700,47.2891598362249,42.6191380449438,no affective
Dargwa,"<a href=""http://glottolog.org/resource/languoid/id/darg1241""> North-Dargwa </a>",Tazirkent,#FFF700,47.3602236762626,42.3588979812316,no affective
Dargwa,"<a href=""http://glottolog.org/resource/languoid/id/darg1241""> North-Dargwa </a>",Tagirkent,#FFF700,47.3632208035474,42.3643411987954,no affective
Dargwa,"<a href=""http://glottolog.org/resource/languoid/id/darg1241""> North-Dargwa </a>",Susakent,#FFF700,47.3549371019183,42.3632044031884,no affective
Dargwa,"<a href=""http://glottolog.org/resource/languoid/id/darg1241""> North-Dargwa </a>",Khasakent,#FFF700,47.3706895005872,42.3757487978584,no affective
Dargwa,"<a href=""http://glottolog.org/resource/languoid/id/darg1241""> North-Dargwa </a>",Vanashimakhi,#FFF700,47.607221997123,42.4036109982497,no affective
Dargwa,"<a href=""http://glottolog.org/resource/languoid/id/darg1241""> North-Dargwa </a>",Chabanmakhi,#FFF700,47.2602779876054,42.6372219804528,no affective
Dargwa,"<a href=""http://glottolog.org/resource/languoid/id/darg1241""> North-Dargwa </a>",Chankurbe,#FFF700,47.3118275708775,42.6286807291905,no affective
Dargwa,"<a href=""http://glottolog.org/resource/languoid/id/darg1241""> North-Dargwa </a>",Kachkalyk,#FFF700,47.334878960182,42.6196785067747,no affective
Dargwa,"<a href=""http://glottolog.org/resource/languoid/id/darg1241""> North-Dargwa </a>",,#FFF700,47.9625826769604,42.3474666201153,no affective
Dargwa,"<a href=""http://glottolog.org/resource/languoid/id/darg1241""> North-Dargwa </a>",Ebdalaya,#FFF700,47.344244994661,42.3682814990704,no affective
Dargwa,"<a href=""http://glottolog.org/resource/languoid/id/darg1241""> North-Dargwa </a>",Mekesh,#FFF700,47.5114954057404,42.3377113408292,no affective
Dargwa,"<a href=""http://glottolog.org/resource/languoid/id/darg1241""> North-Dargwa </a>",Aysalakak,#FFF700,47.47501153415,42.3740631332589,no affective
Dargwa,"<a href=""http://glottolog.org/resource/languoid/id/darg1241""> North-Dargwa </a>",Ayalakab,#FFF700,47.4624295709756,42.4222032809607,no affective
Dargwa,"<a href=""http://glottolog.org/resource/languoid/id/darg1241""> North-Dargwa </a>",Damkulakada,#FFF700,47.4677019023535,42.4311212990352,no affective
Dargwa,"<a href=""http://glottolog.org/resource/languoid/id/darg1241""> North-Dargwa </a>",Zhamsory,#FFF700,47.4635686013886,42.3819971021833,no affective
Dargwa,"<a href=""http://glottolog.org/resource/languoid/id/darg1241""> North-Dargwa </a>",Geknaumakhi,#FFF700,47.4754355615468,42.3655736096677,no affective
Dargwa,"<a href=""http://glottolog.org/resource/languoid/id/darg1241""> North-Dargwa </a>",Ulluaya,#FFF700,47.3799999995861,42.3697220038664,no affective
Dargwa,"<a href=""http://glottolog.org/resource/languoid/id/darg1241""> North-Dargwa </a>",Naskent,#FFF700,47.3341669831554,42.3833330100894,no affective
Dargwa,"<a href=""http://glottolog.org/resource/languoid/id/darg1241""> North-Dargwa </a>",Adukmakhi,#FFF700,47.400786104044,42.3996850052179,no affective
Dargwa,"<a href=""http://glottolog.org/resource/languoid/id/darg1241""> North-Dargwa </a>",Buanzimakhi,#FFF700,47.4493225358133,42.4228705406357,no affective
Dargwa,"<a href=""http://glottolog.org/resource/languoid/id/darg1241""> North-Dargwa </a>",Zurilaudimakhi,#FFF700,47.4930898994343,42.4310662002906,no affective
Dargwa,"<a href=""http://glottolog.org/resource/languoid/id/darg1241""> North-Dargwa </a>",Tarlankak,#FFF700,47.4757554689624,42.3851010041611,no affective
Dargwa,"<a href=""http://glottolog.org/resource/languoid/id/darg1241""> North-Dargwa </a>",Shinkalabukhna,#FFF700,47.4728584091944,42.3873281601135,no affective
Dargwa,"<a href=""http://glottolog.org/resource/languoid/id/darg1241""> North-Dargwa </a>",Mekegi,#FFF700,47.4610273930595,42.3977943967273,no affective
Dargwa,"<a href=""http://glottolog.org/resource/languoid/id/darg1241""> North-Dargwa </a>",Levashi,#FFF700,47.3214320974918,42.4327245598772,no affective
Dargwa,"<a href=""http://glottolog.org/resource/languoid/id/darg1241""> North-Dargwa </a>",Suleybakent,#FFF700,47.3766459968733,42.3591859000607,no affective
Dargwa,"<a href=""http://glottolog.org/resource/languoid/id/darg1241""> North-Dargwa </a>",Kapulagumi,#FFF700,47.4775974197305,42.4281464508435,no affective
Dargwa,"<a href=""http://glottolog.org/resource/languoid/id/darg1241""> North-Dargwa </a>",Purrimakhi,#FFF700,47.4633635992726,42.4243970603076,no affective
Dargwa,"<a href=""http://glottolog.org/resource/languoid/id/darg1241""> North-Dargwa </a>",Verkhneye Labkomakhi,#FFF700,47.4359347024956,42.3411207983355,no affective
Dargwa,"<a href=""http://glottolog.org/resource/languoid/id/darg1241""> North-Dargwa </a>",Nizhneye Labkomakhi,#FFF700,47.4200129992726,42.3504516965455,no affective
Dargwa,"<a href=""http://glottolog.org/resource/languoid/id/darg1241""> North-Dargwa </a>",Sangimakhi,#FFF700,47.4330106005517,42.3377907007942,no affective
Dargwa,"<a href=""http://glottolog.org/resource/languoid/id/darg1241""> North-Dargwa </a>",Dzhangamakhi,#FFF700,47.3840540008578,42.4451404012361,no affective
Dargwa,"<a href=""http://glottolog.org/resource/languoid/id/darg1241""> North-Dargwa </a>",Elakatmakhi,#FFF700,47.3997319963193,42.4556549964328,no affective
Dargwa,"<a href=""http://glottolog.org/resource/languoid/id/darg1241""> North-Dargwa </a>",Kakamakhi,#FFF700,47.3098822934188,42.3924563005592,no affective
Dargwa,"<a href=""http://glottolog.org/resource/languoid/id/darg1241""> North-Dargwa </a>",Ditunshimakhi,#FFF700,47.2900688021073,42.3806881981988,no affective
Dargwa,"<a href=""http://glottolog.org/resource/languoid/id/darg1241""> North-Dargwa </a>",Karlabko,#FFF700,47.3954282026615,42.3518296983022,no affective
Dargwa,"<a href =""http://glottolog.org/resource/languoid/id/itsa1239""> Sanzhi-Itsari</a>",Itsari,#EDE134,47.5841336999801,41.9982410996753,no affective
Dargwa,"<a href =""http://glottolog.org/resource/languoid/id/itsa1239""> Sanzhi-Itsari</a>",Druzhba,#EDE134,48.0019249991132,42.2422000016467,no affective
Dargwa,"<a href=""http://glottolog.org/resource/languoid/id/darg1241"">Mehweb</a>",Megeb,#FFF701,47.0478033120133,42.2529702306574,no affective
Dargwa,"<a href=""http://glottolog.org/resource/languoid/id/darg1241"">Mehweb</a>",Palisma,#FFF701,47.0168884566101,42.2280215236774,no affective
Dargwa,"<a href=""http://glottolog.org/resource/languoid/id/muir1238"">Muirin</a>",Deybuk,#FFC400,47.5200000002606,42.2049999998673,no affective
Dargwa,"<a href=""http://glottolog.org/resource/languoid/id/muir1238"">Muirin</a>",Kharbuk,#FFC400,47.532129000636,42.1571290004377,no affective
Dargwa,"<a href=""http://glottolog.org/resource/languoid/id/cuda1238"">Usisha-Tsudakhar</a>",Ginta,#EAFF00,47.4193120847802,42.1822567872229,no affective
Dargwa,"<a href=""http://glottolog.org/resource/languoid/id/darg1241"">Gapshima</a>",Gapshima,#C2C200,47.3363927843596,42.2082326504415,no affective
Andic,"<a href=""http://glottolog.org/resource/languoid/id/cham1309""> Chamalal </a>",Maceevka,#B54E09,46.9848113119465,43.2714327910997,no affective
Andic,"<a href=""http://glottolog.org/resource/languoid/id/cham1309""> Chamalal </a>",Serebrkovka,#B54E09,46.8349781990372,43.9815031003797,no affective
Andic,"<a href=""http://glottolog.org/resource/languoid/id/cham1309""> Chamalal </a>",Agvali,#B54E09,46.1231429701991,42.5396254295921,no affective
Andic,"<a href=""http://glottolog.org/resource/languoid/id/cham1309""> Chamalal </a>",Verh. Gakvari,#B54E09,46.0338654050007,42.5476010576556,no affective
Andic,"<a href=""http://glottolog.org/resource/languoid/id/cham1309""> Chamalal </a>",gdada,#B54E09,46.0333333302492,42.5333333311687,no affective
Andic,"<a href=""http://glottolog.org/resource/languoid/id/cham1309""> Chamalal </a>",Gadiri,#B54E09,46.0673593971209,42.5663992048353,no affective
Andic,"<a href=""http://glottolog.org/resource/languoid/id/cham1309""> Chamalal </a>",Gaitli,#B54E09,46.0890123001531,42.5510303011238,no affective
Andic,"<a href=""http://glottolog.org/resource/languoid/id/cham1309""> Chamalal </a>",Gakko,#B54E09,45.9452780011756,42.413611000931,no affective
Andic,"<a href=""http://glottolog.org/resource/languoid/id/cham1309""> Chamalal </a>",Gigatl',#B54E09,46.0999999996155,42.5833333343669,no affective
Andic,"<a href=""http://glottolog.org/resource/languoid/id/cham1309""> Chamalal </a>",Batlahatli,#B54E09,46.0595630978845,42.5857166991814,no affective
Andic,"<a href=""http://glottolog.org/resource/languoid/id/cham1309""> Chamalal </a>",Gigatli-Uruh,#B54E09,46.1483273981246,42.5818207018269,no affective
Andic,"<a href=""http://glottolog.org/resource/languoid/id/cham1309""> Chamalal </a>",Koali,#B54E09,46.1173276990122,42.5276895014678,no affective
Andic,"<a href=""http://glottolog.org/resource/languoid/id/cham1309""> Chamalal </a>",Gigih,#B54E09,46.1050691013374,42.5326488003858,no affective
Andic,"<a href=""http://glottolog.org/resource/languoid/id/cham1309""> Chamalal </a>",Ni. Gakvari,#B54E09,46.0528340019899,42.5350243094345,no affective
Andic,"<a href=""http://glottolog.org/resource/languoid/id/cham1309""> Chamalal </a>",Cidatl',#B54E09,46.0593237013078,42.5188330002816,no affective
Andic,"<a href=""http://glottolog.org/resource/languoid/id/cham1309""> Chamalal </a>",Cujdi,#B54E09,46.0725143003081,42.5238091001832,no affective
Andic,"<a href=""http://glottolog.org/resource/languoid/id/cham1309""> Chamalal </a>",Cumada,#B54E09,46.0550493921286,42.4807625453524,no affective
Andic,"<a href=""http://glottolog.org/resource/languoid/id/cham1309""> Chamalal </a>",Riaganih,#B54E09,46.0601937005024,42.4979224021331,no affective
Andic,"<a href=""http://glottolog.org/resource/languoid/id/cham1309""> Chamalal </a>",Cumada-Uruh,#B54E09,46.0692564997919,42.474866600739,no affective
Andic,"<a href=""http://glottolog.org/resource/languoid/id/cham1309""> Chamalal </a>",Neaevka,#B54E09,46.9130559930931,43.2702779953185,no affective
Andic,"<a href=""http://glottolog.org/resource/languoid/id/ghod1238""> Godoberi </a>",Godoberi,#FF4D00,46.1225426136857,42.632161742812,affective
Andic,"<a href=""http://glottolog.org/resource/languoid/id/ghod1238""> Godoberi </a>",Zibirhali,#FF4D00,46.1031421863953,42.6321749714607,affective
Andic,"<a href=""http://glottolog.org/resource/languoid/id/ghod1238""> Godoberi </a>",Beledi,#FF4D00,46.1031421863953,42.6321749714607,affective
Andic,"<a href=""http://glottolog.org/resource/languoid/id/kara1474"">Karata</a>",Tukita,#E88300,46.3740016261128,42.5701001185096,no affective
Andic,"<a href=""http://glottolog.org/resource/languoid/id/kara1474"">Karata</a>",Rachabulda,#E88300,46.3014702651448,42.6162015882118,no affective
Andic,"<a href=""http://glottolog.org/resource/languoid/id/kara1474"">Karata</a>",Kirpichkutan,#E88300,46.623434952056,43.4685638344454,no affective
Andic,"<a href=""http://glottolog.org/resource/languoid/id/kara1474"">Karata</a>",Karata,#E88300,46.3266767596757,42.6005515968558,no affective
Andic,"<a href=""http://glottolog.org/resource/languoid/id/kara1474"">Karata</a>",Racitl',#E88300,46.3384410425175,42.622720000509,no affective
Andic,"<a href=""http://glottolog.org/resource/languoid/id/kara1474"">Karata</a>",Mashtada,#E88300,46.321583478791,42.6133689513979,no affective
Andic,"<a href=""http://glottolog.org/resource/languoid/id/kara1474"">Karata</a>",Archo,#E88300,46.303215962106,42.6030777230802,no affective
Andic,"<a href=""http://glottolog.org/resource/languoid/id/kara1474"">Karata</a>",Verh.Inhelo,#E88300,46.3324562838268,42.6188639829186,no affective
Andic,"<a href=""http://glottolog.org/resource/languoid/id/kara1474"">Karata</a>",Anchik,#E88300,46.303215962106,42.6030777230802,no affective
Andic,"<a href=""http://glottolog.org/resource/languoid/id/kara1474"">Karata</a>",Siuh,#E88300,46.6222701964691,43.4024585896563,no affective
Andic,"<a href=""http://glottolog.org/resource/languoid/id/kara1474"">Karata</a>",Nizhnee Inhelo,#E88300,46.2615573661914,42.6387802041562,no affective
Andic,"<a href=""http://glottolog.org/resource/languoid/id/kara1474"">Karata</a>",Indira,#E88300,46.8145325499325,43.4829694913705,no affective
Andic,"<a href=""http://glottolog.org/resource/languoid/id/kara1474"">Karata</a>",Kaziyurt,#E88300,47.0429366535306,43.3855686601369,no affective
Andic,"<a href=""http://glottolog.org/resource/languoid/id/kara1474"">Karata</a>",Gauril',#E88300,46.7911956162497,43.4776629318089,no affective
Andic,"<a href=""http://glottolog.org/resource/languoid/id/andi1255"">Andi</a>",Mekheturi,#823F08,46.2445261659396,42.7080647486012,affective
Andic,"<a href=""http://glottolog.org/resource/languoid/id/andi1255"">Andi</a>",Aytkhan,#823F08,46.8238890002172,43.6977780015208,affective
Andic,"<a href=""http://glottolog.org/resource/languoid/id/andi1255"">Andi</a>",Dzhugut,#823F08,46.8658329981107,43.7083329993886,affective
Andic,"<a href=""http://glottolog.org/resource/languoid/id/andi1255"">Andi</a>",Shivor,#823F08,46.2563890016107,42.714999999553,affective
Andic,"<a href=""http://glottolog.org/resource/languoid/id/andi1255"">Andi</a>",Khando,#823F08,46.2384976986853,42.7260373996078,affective
Andic,"<a href=""http://glottolog.org/resource/languoid/id/andi1255"">Andi</a>",Chanko,#823F08,46.2459103977108,42.7193831972302,affective
Andic,"<a href=""http://glottolog.org/resource/languoid/id/andi1255"">Andi</a>",Rikvani,#823F08,46.3152779997527,42.7813889972065,affective
Andic,"<a href=""http://glottolog.org/resource/languoid/id/andi1255"">Andi</a>",Rushukha,#823F08,46.2831060000288,42.715386401531,affective
Andic,"<a href=""http://glottolog.org/resource/languoid/id/andi1255"">Andi</a>",Muni,#823F08,46.3089901997699,42.6798720000111,affective
Andic,"<a href=""http://glottolog.org/resource/languoid/id/andi1255"">Andi</a>",Andi,#823F08,46.2500000027539,42.7833329982603,affective
Andic,"<a href=""http://glottolog.org/resource/languoid/id/andi1255"">Andi</a>",Gunkha,#823F08,46.2816670032442,42.7897219968728,affective
Andic,"<a href=""http://glottolog.org/resource/languoid/id/andi1255"">Andi</a>",Tsibilta,#823F08,46.2478408986011,42.738652101024,affective
Andic,"<a href=""http://glottolog.org/resource/languoid/id/andi1255"">Andi</a>",Ashali,#823F08,46.3074999979721,42.7680559985563,affective
Andic,"<a href=""http://glottolog.org/resource/languoid/id/andi1255"">Andi</a>",Kvankhidatl',#823F08,46.2724487011413,42.6577168991717,affective
Andic,"<a href=""http://glottolog.org/resource/languoid/id/andi1255"">Andi</a>",Gagatli,#823F08,46.2904756000505,42.8014894006664,affective
Andic,"<a href=""http://glottolog.org/resource/languoid/id/andi1255"">Andi</a>",Zilo,#823F08,46.318611000453,42.7316669995694,affective
Andic,"<a href=""http://glottolog.org/resource/languoid/id/akhv1239"">Akhvakh</a>",Izano,#940000,46.4044439991471,42.5255559984973,no affective
Andic,"<a href=""http://glottolog.org/resource/languoid/id/akhv1239"">Akhvakh</a>",Kudiyabroso,#940000,46.3800000014711,42.5375000009978,no affective
Andic,"<a href=""http://glottolog.org/resource/languoid/id/akhv1239"">Akhvakh</a>",Lologonitl',#940000,46.3305560038633,42.5119439990016,no affective
Andic,"<a href=""http://glottolog.org/resource/languoid/id/akhv1239"">Akhvakh</a>",Tad-Magitl',#940000,46.3463558003013,42.5480396996106,no affective
Andic,"<a href=""http://glottolog.org/resource/languoid/id/akhv1239"">Akhvakh</a>",Kvankero,#940000,46.3478369973967,42.5514464999577,no affective
Andic,"<a href=""http://glottolog.org/resource/languoid/id/akhv1239"">Akhvakh</a>",Tsvakilkolo,#940000,46.3547220020713,42.5513889998233,no affective
Andic,"<a href=""http://glottolog.org/resource/languoid/id/akhv1239"">Akhvakh</a>",Kamysh-Kutan,#940000,46.6258299996963,43.4972199989773,no affective
Andic,"<a href=""http://glottolog.org/resource/languoid/id/bagv1239""> Bagvalal </a>",Tlibisho,#E6B66E,46.3011110020563,42.5583329989944,affective
Andic,"<a href=""http://glottolog.org/resource/languoid/id/bagv1239""> Bagvalal </a>",Tlisi,#E6B66E,46.2772508983429,42.5621398005901,affective
Andic,"<a href=""http://glottolog.org/resource/languoid/id/bagv1239""> Bagvalal </a>",Kvanada,#E6B66E,46.1732533974267,42.5608898992225,affective
Andic,"<a href=""http://glottolog.org/resource/languoid/id/bagv1239""> Bagvalal </a>",Gimerso,#E6B66E,46.2297254991578,42.5614663002806,affective
Andic,"<a href=""http://glottolog.org/resource/languoid/id/bagv1239""> Bagvalal </a>",Tlondoda,#E6B66E,46.1984311036409,42.5248738058239,affective
Andic,"<a href=""http://glottolog.org/resource/languoid/id/bagv1239""> Bagvalal </a>",Khushtada,#E6B66E,46.1734917088417,42.5183658013686,affective
Andic,"<a href=""http://glottolog.org/resource/languoid/id/bagv1239""> Bagvalal </a>",Urukh-Akhitli,#E6B66E,46.1285170897166,42.5361216093645,affective
Andic,"<a href=""http://glottolog.org/resource/languoid/id/bagv1239""> Bagvalal </a>",Tlenkhori,#E6B66E,46.1321667923416,42.5388302304671,affective
Andic,"<a href=""http://glottolog.org/resource/languoid/id/bagv1239""> Bagvalal </a>",Chalo,#E6B66E,46.9722013990268,43.4021742977534,affective
Chechen,"<a href =""http://glottolog.org/resource/languoid/id/chec1245""> Chechen </a>",Chankayurt,tomato,46.5669439991717,43.5711109987836,no affective
Chechen,"<a href =""http://glottolog.org/resource/languoid/id/chec1245""> Chechen </a>",Germenchik,tomato,46.7250152486002,43.5402172600954,no affective
Chechen,"<a href =""http://glottolog.org/resource/languoid/id/chec1245""> Chechen </a>",Tatayurt,tomato,46.9910878714983,43.5608312052316,no affective
Chechen,"<a href =""http://glottolog.org/resource/languoid/id/chec1245""> Chechen </a>",Kalininaul,tomato,46.5672220029238,43.0708330079291,no affective
Chechen,"<a href =""http://glottolog.org/resource/languoid/id/chec1245""> Chechen </a>",Leninaul,tomato,46.5630890580729,43.0878419871821,no affective
Chechen,"<a href =""http://glottolog.org/resource/languoid/id/chec1245""> Chechen </a>",Ukrainskoe,tomato,47.0075189911132,43.9134329826158,no affective
Chechen,"<a href =""http://glottolog.org/resource/languoid/id/chec1245""> Chechen </a>",Duchi,tomato,46.4964522304639,43.18376812313,no affective
Chechen,"<a href =""http://glottolog.org/resource/languoid/id/chec1245""> Chechen </a>",Nitsovkra,tomato,46.4768955109073,43.1577657509819,no affective
Chechen,"<a href =""http://glottolog.org/resource/languoid/id/chec1245""> Chechen </a>",Novolakskoe,tomato,46.4833329910259,43.1166669824537,no affective
Chechen,"<a href =""http://glottolog.org/resource/languoid/id/chec1245""> Chechen </a>",Charavali,tomato,47.4238579695236,43.0394509873135,no affective
Chechen,"<a href =""http://glottolog.org/resource/languoid/id/chec1245""> Chechen </a>",Jamansu,tomato,46.4740560052522,43.4147779689449,no affective
Chechen,"<a href =""http://glottolog.org/resource/languoid/id/chec1245""> Chechen </a>",Hasavyurt,tomato,46.5833330036011,43.2500000062895,no affective
Chechen,"<a href =""http://glottolog.org/resource/languoid/id/chec1245""> Chechen </a>",Adilyotar,tomato,46.6741348107789,43.4597412617943,no affective
Chechen,"<a href =""http://glottolog.org/resource/languoid/id/chec1245""> Chechen </a>",Tutlar,tomato,46.6914639989901,43.4666270004332,no affective
Chechen,"<a href =""http://glottolog.org/resource/languoid/id/chec1245""> Chechen </a>",Kadyrotar,tomato,46.6543189998842,43.439775999402,no affective
Chechen,"<a href =""http://glottolog.org/resource/languoid/id/chec1245""> Chechen </a>",Akbulatyurt,tomato,46.3858937901324,43.4586278869495,no affective
Chechen,"<a href =""http://glottolog.org/resource/languoid/id/chec1245""> Chechen </a>",Bayramaul,tomato,46.7260039926724,43.2989020034529,no affective
Chechen,"<a href =""http://glottolog.org/resource/languoid/id/chec1245""> Chechen </a>",Genzheaul,tomato,46.7586981007276,43.2934101002174,no affective
Chechen,"<a href =""http://glottolog.org/resource/languoid/id/chec1245""> Chechen </a>",Bammatyurt,tomato,46.6075277934826,43.344157658495,no affective
Chechen,"<a href =""http://glottolog.org/resource/languoid/id/chec1245""> Chechen </a>",Boragangechuv,tomato,46.4369447601299,43.3083331584381,no affective
Chechen,"<a href =""http://glottolog.org/resource/languoid/id/chec1245""> Chechen </a>",Umarotar,tomato,46.6933149883184,43.4233699946772,no affective
Chechen,"<a href =""http://glottolog.org/resource/languoid/id/chec1245""> Chechen </a>",Kandauraul,tomato,46.5649999962863,43.3419440010956,no affective
Chechen,"<a href =""http://glottolog.org/resource/languoid/id/chec1245""> Chechen </a>",Pyatiletka,tomato,46.96213959123,43.3717656132041,no affective
Chechen,"<a href =""http://glottolog.org/resource/languoid/id/chec1245""> Chechen </a>",Mogilyovskoe,tomato,46.6314815134946,43.2609936038864,no affective
Chechen,"<a href =""http://glottolog.org/resource/languoid/id/chec1245""> Chechen </a>",Petrakovskoe,tomato,46.6315318811552,43.2536625348851,no affective
Chechen,"<a href =""http://glottolog.org/resource/languoid/id/chec1245""> Chechen </a>",Novosel'skoe,tomato,46.4694440336788,43.4250000257602,no affective
Chechen,"<a href =""http://glottolog.org/resource/languoid/id/chec1245""> Chechen </a>",Kemsiyurt,tomato,46.4350212419777,43.4344698751117,no affective
Chechen,"<a href =""http://glottolog.org/resource/languoid/id/chec1245""> Chechen </a>",Nuradilovo,tomato,46.4574949297001,43.2836449976475,no affective
Chechen,"<a href =""http://glottolog.org/resource/languoid/id/chec1245""> Chechen </a>",Osmanyurt,tomato,46.5308329946715,43.3055559998815,no affective
Chechen,"<a href =""http://glottolog.org/resource/languoid/id/chec1245""> Chechen </a>",Simsir,tomato,46.5433574297529,43.3120583196537,no affective
Chechen,"<a href =""http://glottolog.org/resource/languoid/id/chec1245""> Chechen </a>",Pokrovskoe,tomato,46.6632820556198,43.2883371686582,no affective
Chechen,"<a href =""http://glottolog.org/resource/languoid/id/chec1245""> Chechen </a>",Abdurashid,tomato,46.6713640314906,43.3892178353017,no affective
Chechen,"<a href =""http://glottolog.org/resource/languoid/id/chec1245""> Chechen </a>",Solnechnoe,tomato,46.5040659431871,43.2758667150886,no affective
Chechen,"<a href =""http://glottolog.org/resource/languoid/id/chec1245""> Chechen </a>",Hamavyurt,tomato,46.4286140867173,43.2722221491906,no affective
Turkiq,"<a href=""http://glottolog.org/resource/languoid/id/noga1249""> Nogai</a>",Tatayurt,darkkhaki,46.991117278288,43.5608330834142,no affective
Turkiq,"<a href=""http://glottolog.org/resource/languoid/id/noga1249""> Nogai</a>",Leninaul,darkkhaki,46.5631135228357,43.0878935031618,no affective
Turkiq,"<a href=""http://glottolog.org/resource/languoid/id/noga1249""> Nogai</a>",Kalininaul,darkkhaki,46.5672142254639,43.0708649964082,no affective
Turkiq,"<a href=""http://glottolog.org/resource/languoid/id/kumy1244""> Kumyk </a>",Leninkent,tan,47.7645850573969,42.4774257665243,no affective
Turkiq,"<a href=""http://glottolog.org/resource/languoid/id/kumy1244""> Kumyk </a>",Germenchik,tan,46.757593276576,43.5383636206327,no affective
Turkiq,"<a href=""http://glottolog.org/resource/languoid/id/kumy1244""> Kumyk </a>",Tatayurt,tan,46.9933584469702,43.5574939497432,no affective
Turkiq,"<a href=""http://glottolog.org/resource/languoid/id/kumy1244""> Kumyk </a>",Kizilyurt,tan,46.8661907915522,43.2034995917787,no affective
Turkiq,"<a href=""http://glottolog.org/resource/languoid/id/kumy1244""> Kumyk </a>",Nov. Sulak,tan,46.8253808432435,43.2078705727721,no affective
Turkiq,"<a href=""http://glottolog.org/resource/languoid/id/kumy1244""> Kumyk </a>",Maceevka,tan,46.9952371272758,43.2687225995724,no affective
Turkiq,"<a href=""http://glottolog.org/resource/languoid/id/kumy1244""> Kumyk </a>",Hasavyurt,tan,46.5837244230553,43.2500279561479,no affective
Turkiq,"<a href=""http://glottolog.org/resource/languoid/id/kumy1244""> Kumyk </a>",Genzheaul,tan,46.7572164410383,43.2921800137722,no affective
Turkiq,"<a href=""http://glottolog.org/resource/languoid/id/kumy1244""> Kumyk </a>",Umarotar,tan,46.6933189905655,43.4233703441015,no affective
Turkiq,"<a href=""http://glottolog.org/resource/languoid/id/kumy1244""> Kumyk </a>",Kandauraul,tan,46.5650092643068,43.3419498812189,no affective
Turkiq,"<a href=""http://glottolog.org/resource/languoid/id/kumy1244""> Kumyk </a>",Hamavyurt,tan,46.4286110001383,43.2722219986987,no affective
